contact_id,account_id,name,email,role
USER00001,ACCT0193,Todd Miller,iweiss@hotmail.com,owner
USER00002,ACCT0264,Jacob Graves,andrea71@knox.com,user
USER00003,ACCT0092,Elizabeth Torres,shanesherman@yahoo.com,admin
USER00004,ACCT0186,Harry Dixon,derrickclark@todd-griffin.info,user
USER00005,ACCT0261,Megan Lopez,gordonrobert@yahoo.com,admin
USER00006,ACCT0246,Gloria Carr,rnguyen@yahoo.com,admin
USER00007,ACCT0169,Kayla Henry,christiantaylor@allen.biz,admin
USER00008,ACCT0172,Robert Mills,david98@williams-price.com,admin
USER00009,ACCT0150,Kathryn Larsen,kimkramer@hotmail.com,owner
USER00010,ACCT0117,Thomas Reed,christopher91@hotmail.com,admin
USER00011,ACCT0295,Brandon Patterson,nguyenedwin@cantu.com,user
USER00012,ACCT0032,Michelle Kennedy,qcooper@hinton.com,admin
USER00013,ACCT0090,Christian Smith,ronald27@gmail.com,user
USER00014,ACCT0112,Carla Hernandez,christopherdickerson@austin-lopez.com,user
USER00015,ACCT0036,Jill Kelly,gbrown@watson-griffin.com,owner
USER00016,ACCT0119,Travis Lee DDS,tracyhuerta@rodriguez-carroll.com,owner
USER00017,ACCT0098,Terry Snow,kennethdavis@archer.biz,owner
USER00018,ACCT0088,Steven Davis,derrickshelton@benjamin.biz,admin
USER00019,ACCT0023,Theresa Williams,swilson@thomas.com,owner
USER00020,ACCT0264,Andre Stone,richardnancy@hotmail.com,admin
USER00021,ACCT0095,Oscar Butler,enguyen@yahoo.com,user
USER00022,ACCT0143,Michael Johnson,stevenwashington@hotmail.com,admin
USER00023,ACCT0245,Jessica Richards,qsmith@yahoo.com,owner
USER00024,ACCT0276,Randy Case,donald68@yahoo.com,admin
USER00025,ACCT0054,Christina Roy,calebjohnson@campbell.biz,owner
USER00026,ACCT0148,Keith Lopez,michaelreynolds@gmail.com,owner
USER00027,ACCT0266,Joseph Jimenez,vfreeman@barber.com,owner
USER00028,ACCT0256,Jonathan Martin,rnelson@gmail.com,admin
USER00029,ACCT0118,Barry Cardenas,zgriffith@gmail.com,owner
USER00030,ACCT0164,Jessica Reynolds,matthewchristensen@mckinney.com,owner
USER00031,ACCT0292,Anne Griffin,stephanielester@villa.com,admin
USER00032,ACCT0020,Adam Hall,alan00@hotmail.com,admin
USER00033,ACCT0045,Daniel Hale,xavier88@gmail.com,user
USER00034,ACCT0090,Jessica Thompson,abigailwilliams@gmail.com,user
USER00035,ACCT0179,Bryan Carroll,gbryant@martin-scott.com,user
USER00036,ACCT0264,Haley Smith,gonzalezvincent@gmail.com,user
USER00037,ACCT0198,Suzanne Evans,michael57@hotmail.com,owner
USER00038,ACCT0189,Dr. Joshua Hamilton,ana22@gmail.com,user
USER00039,ACCT0232,Brenda Bailey,jorgeluna@hotmail.com,user
USER00040,ACCT0094,Diane Joseph,shafferrichard@robles.com,user
USER00041,ACCT0264,Tina Barton,john78@ochoa-watkins.com,admin
USER00042,ACCT0101,Katherine Lucas,juliefarrell@thompson.info,user
USER00043,ACCT0266,Kari Howard,ojohnson@hotmail.com,admin
USER00044,ACCT0057,Shannon Ward,aaron48@gmail.com,admin
USER00045,ACCT0223,Kayla Lopez,karensmith@hotmail.com,user
USER00046,ACCT0077,Cynthia Dillon,etownsend@glenn.com,user
USER00047,ACCT0067,Keith Gutierrez,cramirez@hotmail.com,owner
USER00048,ACCT0278,Vanessa Perez,stewarteric@brewer.com,user
USER00049,ACCT0248,Jesse Freeman,uhoover@davis.net,user
USER00050,ACCT0294,Stephanie Murphy,ryangarcia@owen-lambert.com,user
USER00051,ACCT0295,Karina Barnes,nfrey@brown.biz,user
USER00052,ACCT0066,Chelsea Sanchez,sandramcdaniel@hotmail.com,admin
USER00053,ACCT0071,Anthony Jones,tjohns@gmail.com,admin
USER00054,ACCT0060,Samantha Hughes,christopher92@yahoo.com,user
USER00055,ACCT0140,Robert Huff,hendersonkatherine@burns.net,user
USER00056,ACCT0022,Tim Yates,owensjessica@yahoo.com,owner
USER00057,ACCT0103,Timothy Mendez,jofarmer@hotmail.com,user
USER00058,ACCT0212,Michael Mitchell,melissa53@yahoo.com,admin
USER00059,ACCT0010,Jeffrey Smith,flewis@mcknight.com,user
USER00060,ACCT0264,Corey Young,lisa76@patterson.biz,user
USER00061,ACCT0289,Edward Ross,richardsmith@hotmail.com,admin
USER00062,ACCT0132,Misty Houston,brittanyhall@gmail.com,user
USER00063,ACCT0166,Shelby Thomas,kelly31@leblanc.com,user
USER00064,ACCT0037,Jennifer Keller,macdonaldbrent@cochran-ramirez.com,owner
USER00065,ACCT0187,Lisa Schwartz,gsuarez@yahoo.com,admin
USER00066,ACCT0156,Justin Arnold,jacob35@yahoo.com,admin
USER00067,ACCT0164,Thomas Schultz,knelson@nunez.com,admin
USER00068,ACCT0242,Kenneth Rogers,fordjoseph@gmail.com,admin
USER00069,ACCT0249,Laurie Robertson,jjohnson@gmail.com,owner
USER00070,ACCT0043,Juan Briggs,johnjohnson@yahoo.com,admin
USER00071,ACCT0294,Jessica Nichols,bbeck@gmail.com,admin
USER00072,ACCT0117,Eric Young,adam21@downs-torres.com,user
USER00073,ACCT0140,Emily Warner,xguerrero@hotmail.com,owner
USER00074,ACCT0276,Anthony Rose,williamboyle@hotmail.com,admin
USER00075,ACCT0149,Frank Buchanan,jameslewis@green.com,owner
USER00076,ACCT0182,Karen Taylor,angelacharles@wells.com,user
USER00077,ACCT0153,Elizabeth Brown,fphelps@hayes.info,admin
USER00078,ACCT0236,Jessica Friedman,masonamanda@lee-smith.biz,user
USER00079,ACCT0249,Larry Rodriguez,fpierce@gmail.com,owner
USER00080,ACCT0162,Angela Chase,lisa73@gmail.com,owner
USER00081,ACCT0136,Stephanie Gonzales,martinlindsey@yahoo.com,user
USER00082,ACCT0137,Debra Schultz,gdiaz@brown.net,admin
USER00083,ACCT0103,Sharon Ortiz,sullivanraymond@gmail.com,owner
USER00084,ACCT0127,Daniel Robbins,pedro38@henry-rubio.biz,admin
USER00085,ACCT0057,Stephanie Aguirre,qcopeland@gmail.com,admin
USER00086,ACCT0009,Martin Stewart,wardryan@jones.com,admin
USER00087,ACCT0271,Kevin Alvarez,jasonfrost@hotmail.com,owner
USER00088,ACCT0217,Charles Hopkins,clarkcindy@flores-mcdonald.com,user
USER00089,ACCT0176,Jeremy Payne,alexandria91@colon-lyons.com,owner
USER00090,ACCT0251,Henry Davis,yreid@hotmail.com,user
USER00091,ACCT0008,Monica Mueller,mcollins@hancock.com,admin
USER00092,ACCT0001,Justin Patrick,jgarcia@hotmail.com,admin
USER00093,ACCT0002,Christina Davis,grandall@yahoo.com,owner
USER00094,ACCT0037,Jennifer Thomas,leahallen@salas-lopez.com,owner
USER00095,ACCT0156,Anthony Smith,bgarner@wiggins.org,admin
USER00096,ACCT0100,Renee Vargas,christinaharris@mclean-george.com,owner
USER00097,ACCT0137,Tyler Murray,megan71@yahoo.com,owner
USER00098,ACCT0288,Nicholas Collins,katherineturner@gmail.com,user
USER00099,ACCT0245,Julie Obrien,jonmclaughlin@moss.com,user
USER00100,ACCT0166,Brittany Bailey,bthomas@miller.com,owner
USER00101,ACCT0223,Edward Thomas,mthompson@gmail.com,user
USER00102,ACCT0131,Laura Jones,hcarpenter@hicks.info,admin
USER00103,ACCT0084,Trevor Cooper,ldavis@smith.net,admin
USER00104,ACCT0289,Stephen Oliver,estradagregory@yahoo.com,user
USER00105,ACCT0259,Angela Fields,lynndavis@turner.com,admin
USER00106,ACCT0181,Summer Clark,christinacollins@yahoo.com,admin
USER00107,ACCT0196,Jamie Moore,karenhenderson@mills.org,admin
USER00108,ACCT0078,Randall Valdez,evelyngarza@summers.com,admin
USER00109,ACCT0005,Sarah Fernandez,rebecca43@yahoo.com,admin
USER00110,ACCT0175,Maureen Flores,lwarren@gmail.com,user
USER00111,ACCT0102,Michael Sims,oharris@hamilton.com,user
USER00112,ACCT0127,Terri Lopez,kevin70@hotmail.com,user
USER00113,ACCT0192,Joanna Kim,ramirezjeffrey@rodriguez-mcgrath.com,user
USER00114,ACCT0168,Annette Ramos,felicia49@dunn-mercado.org,owner
USER00115,ACCT0043,Stephanie Smith,kellywashington@hotmail.com,owner
USER00116,ACCT0066,Rhonda Mason,anthonynguyen@gmail.com,user
USER00117,ACCT0012,Amy Graves,johnsonkeith@hotmail.com,user
USER00118,ACCT0228,Devin Love,erinelliott@clark.com,owner
USER00119,ACCT0050,Geoffrey Blake,shawnbennett@joseph.com,admin
USER00120,ACCT0263,Kristin Norman,jacob09@elliott.com,user
USER00121,ACCT0025,James Jacobs,marisa18@gmail.com,admin
USER00122,ACCT0151,Randall Walsh,michaelcervantes@hotmail.com,admin
USER00123,ACCT0090,Brian Baldwin,bsmith@gmail.com,admin
USER00124,ACCT0271,Brooke Ferguson,joshuaquinn@wallace.com,user
USER00125,ACCT0044,Andre Monroe,stephenstephens@gmail.com,user
USER00126,ACCT0170,Levi Lozano,andreamccoy@yahoo.com,owner
USER00127,ACCT0288,Jose Johnson,michele26@martin.com,user
USER00128,ACCT0022,Valerie Garrett,sheppardsandra@gmail.com,admin
USER00129,ACCT0227,Richard Boyd,bglenn@johnson-rice.com,admin
USER00130,ACCT0006,David Caldwell,amysanchez@phillips.com,user
USER00131,ACCT0251,Marilyn Moyer,salazarpaul@hotmail.com,owner
USER00132,ACCT0231,Tammy Phelps,beth00@hotmail.com,user
USER00133,ACCT0155,Jack Murray,samantha69@soto-valdez.com,owner
USER00134,ACCT0101,Mark Foster,deleonchristina@yahoo.com,admin
USER00135,ACCT0071,Alan Lambert,jonathan12@ball.com,user
USER00136,ACCT0262,Angela Wolf,youngannette@hotmail.com,user
USER00137,ACCT0087,Elizabeth Mcmillan,pameladavis@yahoo.com,admin
USER00138,ACCT0064,Stephanie Wilson,ricardosmith@garcia-nelson.com,user
USER00139,ACCT0046,Larry Hubbard,hannah29@santos.net,owner
USER00140,ACCT0156,Matthew Spence,jonathanmclaughlin@hotmail.com,admin
USER00141,ACCT0003,Mr. Brent Aguilar,gcampbell@taylor.com,owner
USER00142,ACCT0183,Brad Dawson,jeffjohnson@hotmail.com,admin
USER00143,ACCT0031,Jonathan Drake,jillcunningham@stark.com,admin
USER00144,ACCT0242,Edwin Stuart,katiethomas@alvarez.com,admin
USER00145,ACCT0240,Amber Davis,natasha77@hotmail.com,owner
USER00146,ACCT0003,Jonathan Scott,boonemary@flynn-maxwell.com,admin
USER00147,ACCT0016,Danielle Johnson,natalieharris@garcia.net,admin
USER00148,ACCT0195,Rachel Williams,thoward@martinez.info,user
USER00149,ACCT0072,Gloria Coleman,csolis@yahoo.com,owner
USER00150,ACCT0217,Teresa Melton,alexandria27@hotmail.com,user
USER00151,ACCT0022,Tyler Preston,james56@hotmail.com,owner
USER00152,ACCT0290,Melanie Austin,mark03@lyons-smith.org,admin
USER00153,ACCT0173,Zachary Smith,jonesrobin@mills.org,user
USER00154,ACCT0240,Jeff Norman,youngmichael@keller.net,user
USER00155,ACCT0093,Caitlin Weber,kellyjoseph@gmail.com,user
USER00156,ACCT0221,Jeff Krueger,steven68@gmail.com,admin
USER00157,ACCT0200,Corey Chambers,kelseyperez@sullivan.com,admin
USER00158,ACCT0223,Sabrina Valenzuela,hamiltonandrea@alvarez-cole.com,user
USER00159,ACCT0283,Daniel Ramirez,thomas55@wilson.com,user
USER00160,ACCT0280,Brian Brown,andersongrant@hotmail.com,admin
USER00161,ACCT0297,Amanda Bradford,yfoster@gmail.com,owner
USER00162,ACCT0213,Lisa Ramirez,kaylee12@munoz.org,owner
USER00163,ACCT0173,James Bolton,stevenadams@yahoo.com,admin
USER00164,ACCT0065,Emily Phillips,williamsmatthew@whitehead.com,admin
USER00165,ACCT0286,Jeremy Washington,hoffmanwilliam@miles.com,admin
USER00166,ACCT0173,Dennis Hurst,kingdebra@hotmail.com,owner
USER00167,ACCT0119,Alyssa Ho,justinhawkins@hotmail.com,admin
USER00168,ACCT0094,David Castillo,sara37@lowe-bailey.com,user
USER00169,ACCT0230,David Miller,yzimmerman@hammond.com,owner
USER00170,ACCT0017,Stephanie Shea,todd59@gmail.com,admin
USER00171,ACCT0229,Crystal Hooper,schultzalexa@hotmail.com,owner
USER00172,ACCT0004,Mallory Love,collinszachary@tate.com,owner
USER00173,ACCT0124,Jessica Nguyen,matthew44@white-casey.org,admin
USER00174,ACCT0015,Michael Barnes,matthew46@lambert-malone.com,user
USER00175,ACCT0246,Thomas Sanders,dawnjenkins@wolfe.com,user
USER00176,ACCT0038,Jeremy Robinson,tracy29@hotmail.com,admin
USER00177,ACCT0264,Brooke Wells,matthewshea@hotmail.com,admin
USER00178,ACCT0172,Maria Rivera,michealgreen@yahoo.com,owner
USER00179,ACCT0010,Rebecca Wilson,tiffany01@vang-spencer.com,admin
USER00180,ACCT0099,Dorothy Fitzgerald,nicholaspalmer@diaz.com,owner
USER00181,ACCT0108,Sarah Garza,zacharydavis@yahoo.com,owner
USER00182,ACCT0208,Zachary Mooney,btran@yahoo.com,owner
USER00183,ACCT0152,Seth Schneider,sarahgillespie@galloway.com,user
USER00184,ACCT0262,Daniel Johnson,qbryan@yahoo.com,user
USER00185,ACCT0153,Evelyn Johnson,jeremy46@yahoo.com,owner
USER00186,ACCT0198,Brianna Ochoa,austinowens@garcia-pham.com,user
USER00187,ACCT0208,Ashley Moore,joelgomez@yahoo.com,user
USER00188,ACCT0053,Valerie Atkins,xbryant@murray.com,owner
USER00189,ACCT0223,Mark Moss,lynchtaylor@rivera-gutierrez.com,owner
USER00190,ACCT0270,Audrey English,ahoward@james.com,admin
USER00191,ACCT0048,Dan Miller,hurleyelizabeth@hernandez.com,user
USER00192,ACCT0266,Alex Bond,cordovaerica@yahoo.com,admin
USER00193,ACCT0083,Jason Bennett,brianbaker@yahoo.com,owner
USER00194,ACCT0297,Randall Brown,trevorkramer@ellis.net,admin
USER00195,ACCT0224,Todd Compton,douglasholland@moore-burke.biz,user
USER00196,ACCT0292,Ryan Brown,bstewart@cooper-cervantes.info,user
USER00197,ACCT0192,Joshua Mitchell,ecabrera@potts-jones.com,owner
USER00198,ACCT0277,Jamie Fernandez,jamescox@thompson-gordon.com,owner
USER00199,ACCT0230,Brittany Austin,justin37@ibarra.com,user
USER00200,ACCT0070,Miguel Le,perrybrian@perez.com,admin
USER00201,ACCT0226,Jennifer Winters,courtney23@lucero.com,owner
USER00202,ACCT0225,Erica Miller,owade@hotmail.com,admin
USER00203,ACCT0184,Kenneth Harris,smithreginald@wood-carlson.com,owner
USER00204,ACCT0007,Ryan Gilbert,lisa31@aguilar.com,owner
USER00205,ACCT0181,Leslie Harris,julie31@baker-smith.info,admin
USER00206,ACCT0121,Brandon Frazier,johnsonanthony@moreno.biz,user
USER00207,ACCT0140,Alex Peterson,donald72@williams.com,user
USER00208,ACCT0097,Dr. Drew Graham MD,mccallmarco@miranda.biz,owner
USER00209,ACCT0022,Kathy Wallace,johnsondonald@west.biz,admin
USER00210,ACCT0203,Grace Combs,marctodd@rollins.info,user
USER00211,ACCT0029,Derrick Lewis,qgrant@foley.info,user
USER00212,ACCT0057,Heather Rogers,katiemcbride@lawrence-thompson.info,user
USER00213,ACCT0188,Christopher Calhoun,leechristina@gmail.com,admin
USER00214,ACCT0229,Lisa George MD,david88@yahoo.com,user
USER00215,ACCT0100,Dr. Thomas Booker,wlara@gmail.com,owner
USER00216,ACCT0013,George Lam,leealexander@yahoo.com,user
USER00217,ACCT0080,Joseph Berry,lawrence33@wagner.info,admin
USER00218,ACCT0298,Richard Finley,william33@salazar-fox.com,owner
USER00219,ACCT0066,Jodi Bowen,millerbenjamin@hotmail.com,owner
USER00220,ACCT0271,Natalie Miller,rclayton@brown.com,owner
USER00221,ACCT0233,Annette Goodman,yfernandez@vasquez-miller.com,admin
USER00222,ACCT0038,James Shaw,samanthataylor@gmail.com,owner
USER00223,ACCT0105,Thomas Williamson,wallandrew@yahoo.com,user
USER00224,ACCT0257,Meghan Gonzalez,jamesperry@briggs-anderson.net,admin
USER00225,ACCT0280,Kristine Reyes,wjones@yahoo.com,user
USER00226,ACCT0134,Jacob Hunter,rachel40@martin.biz,owner
USER00227,ACCT0138,Andrew Munoz,armstrongwilliam@hunter-peterson.com,user
USER00228,ACCT0258,Gina Mcdaniel,amy99@hotmail.com,user
USER00229,ACCT0088,Andrea Thompson,udavidson@hotmail.com,admin
USER00230,ACCT0100,Tamara Cabrera,andrew22@yahoo.com,admin
USER00231,ACCT0219,Kyle Cunningham MD,branchamanda@gmail.com,admin
USER00232,ACCT0179,Sonia Hall,ugonzalez@gmail.com,owner
USER00233,ACCT0087,Zachary Anderson,michael97@chen-bowman.biz,user
USER00234,ACCT0181,Kimberly Cortez,barrytaylor@hotmail.com,owner
USER00235,ACCT0242,Kathleen Baldwin,hayesdavid@campbell.com,admin
USER00236,ACCT0238,Felicia Nguyen,fsparks@yahoo.com,user
USER00237,ACCT0091,Heidi Aguirre,garysawyer@hotmail.com,admin
USER00238,ACCT0161,Keith Arnold,mooneyandrew@gould.com,owner
USER00239,ACCT0291,Julie Brown,kathryn63@gmail.com,user
USER00240,ACCT0267,Philip Davidson,xphillips@robinson.com,admin
USER00241,ACCT0208,Phyllis Allen,robert65@hotmail.com,user
USER00242,ACCT0048,Christina Barnes,jensenjames@yahoo.com,admin
USER00243,ACCT0214,Peter Koch,mmatthews@rodriguez.info,owner
USER00244,ACCT0160,Matthew Tran,jimmycabrera@gmail.com,admin
USER00245,ACCT0068,Jerry Avila,brianblair@beard.com,owner
USER00246,ACCT0040,Danny Lee,sullivandavid@smith.info,admin
USER00247,ACCT0185,Selena Martin,mmclean@hotmail.com,user
USER00248,ACCT0041,Gabriella Young,gallegoskimberly@gmail.com,user
USER00249,ACCT0245,Karla Edwards,shieldsnathan@krueger.info,user
USER00250,ACCT0108,Manuel Huff,kayla62@hotmail.com,owner
USER00251,ACCT0201,Rebecca Austin,timothysanford@ross-wilson.net,user
USER00252,ACCT0014,Victoria Jordan,fishermichael@gmail.com,admin
USER00253,ACCT0293,Shannon Maddox,ecarrillo@gmail.com,user
USER00254,ACCT0097,William Gardner,charlesmorris@james-bailey.com,admin
USER00255,ACCT0073,Suzanne Hoffman,ashlee43@smith.com,owner
USER00256,ACCT0295,April Nelson,markclayton@yahoo.com,owner
USER00257,ACCT0073,John Gonzalez,brownpeter@gmail.com,owner
USER00258,ACCT0127,Erika Calderon,hayley31@gray.com,owner
USER00259,ACCT0058,Debbie Mitchell,mrussell@baldwin.com,admin
USER00260,ACCT0032,Christopher Walker,palmersamantha@smith.com,user
USER00261,ACCT0137,Steve Johnston,lawrenceturner@gonzalez-hancock.org,owner
USER00262,ACCT0060,Carol Gonzalez,hollyreynolds@gmail.com,owner
USER00263,ACCT0228,Jose Hopkins,owillis@schultz.org,admin
USER00264,ACCT0212,Joyce Keith,carlasmith@morales.net,owner
USER00265,ACCT0027,William Fernandez,amanda57@gmail.com,owner
USER00266,ACCT0236,Ann Wright,jessicaho@beasley.org,owner
USER00267,ACCT0282,Matthew Benjamin,robinsonjerome@mendoza-fox.com,user
USER00268,ACCT0256,Lisa Payne,owebb@hotmail.com,admin
USER00269,ACCT0248,Stephen Hammond,selenahaney@webb.org,admin
USER00270,ACCT0286,Roger Moore,schroederbrittany@gmail.com,user
USER00271,ACCT0195,Paul Ross,hannahcannon@yahoo.com,user
USER00272,ACCT0116,Alexis Coffey,catherinelowery@gmail.com,owner
USER00273,ACCT0152,Brian Day,uclarke@hotmail.com,user
USER00274,ACCT0200,Elijah Dyer,lindsey41@yahoo.com,user
USER00275,ACCT0057,Andrew Levine,hurstsean@martinez.info,admin
USER00276,ACCT0280,Virginia Keller,anitahardy@gmail.com,admin
USER00277,ACCT0211,James Cooper,dhernandez@gmail.com,owner
USER00278,ACCT0159,Tina Hayes,tylerlyons@scott.com,admin
USER00279,ACCT0023,Rodney Marquez,baldwinsean@liu-mason.com,admin
USER00280,ACCT0176,Katie Nielsen,karen49@wilcox.com,user
USER00281,ACCT0288,Michael Ortiz,adamvang@gmail.com,admin
USER00282,ACCT0007,Megan Castillo,jdougherty@hotmail.com,admin
USER00283,ACCT0142,John Reed,david45@yahoo.com,user
USER00284,ACCT0206,Meghan Campbell,weaverjesse@yahoo.com,admin
USER00285,ACCT0033,Michael Torres,cmcbride@gmail.com,admin
USER00286,ACCT0218,Laura Morales,santiagoamy@gmail.com,user
USER00287,ACCT0299,Anna Hunter,michaelpatterson@douglas.biz,user
USER00288,ACCT0196,Anthony Waller,samuel58@hotmail.com,owner
USER00289,ACCT0178,Jennifer Stanley,ctorres@yahoo.com,user
USER00290,ACCT0111,Adriana Murphy,ann09@yahoo.com,owner
USER00291,ACCT0115,Mr. Jeremy Hernandez,christopherharper@cox.com,owner
USER00292,ACCT0083,Christine Huynh,ivalentine@dyer-ortega.com,owner
USER00293,ACCT0258,Jessica Alvarez,edean@farley-ross.biz,owner
USER00294,ACCT0115,Sheri Torres,frivera@martinez-shaw.com,user
USER00295,ACCT0005,Samantha Schmidt,dylanharris@hotmail.com,owner
USER00296,ACCT0022,Dr. Renee Morgan PhD,daniel74@hotmail.com,admin
USER00297,ACCT0179,Heather Sullivan,hollygarcia@gmail.com,admin
USER00298,ACCT0092,Michele Sanchez,lisahull@weaver-pham.com,owner
USER00299,ACCT0239,Dr. Robert Norris,martincraig@shields-diaz.org,admin
USER00300,ACCT0284,Jimmy Wells,christophermoore@norris.com,owner
USER00301,ACCT0195,Sandra Webb,garrettschneider@cooper.com,owner
USER00302,ACCT0087,Barry Delgado,sarah76@gmail.com,user
USER00303,ACCT0171,Jessica Wells,cstewart@collins-jones.com,user
USER00304,ACCT0015,April Morris,vthompson@palmer-lyons.com,owner
USER00305,ACCT0189,Christopher Robertson DVM,gmoore@gmail.com,user
USER00306,ACCT0183,Lance Harvey,douglasryan@hotmail.com,user
USER00307,ACCT0217,Emily Clark,sarah25@page-reed.com,owner
USER00308,ACCT0135,Garrett Diaz,eddiemccarty@gmail.com,user
USER00309,ACCT0072,David Sanders,aguilarbrittany@davis-franklin.com,admin
USER00310,ACCT0287,Kelly Manning,mallorystephens@hotmail.com,admin
USER00311,ACCT0146,Andrea Matthews DVM,eileen95@levine.com,admin
USER00312,ACCT0111,Christopher Hanson,jamesmercado@hernandez-nguyen.biz,owner
USER00313,ACCT0066,Cynthia Wallace,stevenprice@yahoo.com,owner
USER00314,ACCT0190,Pamela Reyes,riverarobin@gmail.com,owner
USER00315,ACCT0179,Christine Reed,sanchezwillie@stark.com,admin
USER00316,ACCT0256,Dustin Vazquez,warrenjamie@gmail.com,owner
USER00317,ACCT0020,Jenny Shepard,rochacheryl@gmail.com,user
USER00318,ACCT0255,Michael Martin,dfisher@adams-tucker.com,owner
USER00319,ACCT0199,Jennifer Middleton,gillespievicki@yahoo.com,admin
USER00320,ACCT0201,Antonio Jones,laurenanderson@hotmail.com,admin
USER00321,ACCT0261,Cheryl Harrell,santiagomadeline@yahoo.com,admin
USER00322,ACCT0072,Tonya Duncan,carteramanda@gmail.com,user
USER00323,ACCT0091,Julie Parker,ograves@hotmail.com,owner
USER00324,ACCT0258,Maria Burnett,jeremy28@parker-nelson.info,user
USER00325,ACCT0115,Logan Herrera,donna58@green-ford.biz,admin
USER00326,ACCT0215,Michael Hale,smoore@gmail.com,user
USER00327,ACCT0194,Nancy Harrington,melissa94@gmail.com,owner
USER00328,ACCT0044,Jorge Thomas,johnsondebra@yahoo.com,owner
USER00329,ACCT0272,Casey Hudson,carmen55@lang.biz,admin
USER00330,ACCT0029,Ralph Lewis,danny01@hotmail.com,user
USER00331,ACCT0216,Aaron Mann,kimberly56@hotmail.com,user
USER00332,ACCT0300,Taylor Wiley,qhaley@hotmail.com,owner
USER00333,ACCT0145,Scott Tucker,greenechristopher@gmail.com,admin
USER00334,ACCT0203,Andrew Olson,nmoreno@yahoo.com,owner
USER00335,ACCT0193,Craig Carroll,dhoward@perez.com,owner
USER00336,ACCT0263,Mary Jacobs,shari10@yahoo.com,admin
USER00337,ACCT0105,Katrina Dalton,cdillon@yahoo.com,user
USER00338,ACCT0157,Crystal Randall,timothy99@gmail.com,admin
USER00339,ACCT0236,Chelsea Patterson,nancy35@diaz.biz,owner
USER00340,ACCT0077,Anthony Lopez,richardcrawford@hotmail.com,admin
USER00341,ACCT0178,Katherine Rodriguez,lynchjason@gmail.com,user
USER00342,ACCT0057,Rebecca Jordan,mosleyamanda@yahoo.com,owner
USER00343,ACCT0262,Andrea Goodwin,stacyprince@yahoo.com,owner
USER00344,ACCT0165,Richard Phillips,carrie22@boyd.com,admin
USER00345,ACCT0154,Kevin Shaw,cheyennedavis@key-clark.info,owner
USER00346,ACCT0269,Melissa Cain,lindamoran@ward.com,admin
USER00347,ACCT0287,Dr. Daniel Rangel,ann12@morrow.com,user
USER00348,ACCT0259,Angel Cox,snyderjames@hotmail.com,admin
USER00349,ACCT0285,Sean Barnes,nguyenmelanie@hendricks-jordan.com,owner
USER00350,ACCT0193,Brett Richardson,williesmith@hotmail.com,admin
USER00351,ACCT0069,Rachel Giles,jacob22@hotmail.com,user
USER00352,ACCT0105,Michael Payne,jorge79@walters.net,user
USER00353,ACCT0203,Teresa Hill,ejohnson@olson-hernandez.com,user
USER00354,ACCT0176,Tammy Fox,markpeterson@yahoo.com,user
USER00355,ACCT0268,Gabrielle Vasquez DVM,michaelmiller@hotmail.com,owner
USER00356,ACCT0295,Thomas Hartman,longphilip@lowe.com,user
USER00357,ACCT0203,Patricia Vasquez,pjackson@gmail.com,user
USER00358,ACCT0059,Michael Howe,hlewis@hotmail.com,user
USER00359,ACCT0027,Cody Garcia,michelle10@yahoo.com,user
USER00360,ACCT0169,Patricia Lynch,rpatton@blair.org,owner
USER00361,ACCT0213,Miss Katie Adams,rbell@hotmail.com,user
USER00362,ACCT0280,Michael Mcknight,santanarichard@yahoo.com,owner
USER00363,ACCT0292,Belinda Cook,jennifer91@hotmail.com,admin
USER00364,ACCT0070,Rachael Townsend,brentmeyer@gomez.org,admin
USER00365,ACCT0093,Christina Alvarez,ujohnston@mitchell-maddox.com,admin
USER00366,ACCT0244,Keith Foster,daviddennis@nichols.com,owner
USER00367,ACCT0287,Michelle Ramirez,carolinesimmons@moody.com,admin
USER00368,ACCT0038,Jeffrey Webb,gillann@burns.com,owner
USER00369,ACCT0260,Lauren Jones,fieldsdawn@yahoo.com,owner
USER00370,ACCT0255,Matthew Jenkins,scrawford@yahoo.com,admin
USER00371,ACCT0263,Kellie Phillips,jessicajacobs@hernandez-williams.info,owner
USER00372,ACCT0040,Anna Perez,ghaynes@meyer.com,admin
USER00373,ACCT0258,Andrew Davis,daniel32@johnson.biz,user
USER00374,ACCT0014,Brandy Williams,david35@gmail.com,admin
USER00375,ACCT0264,Martin Lowe,dianaturner@english-williamson.info,user
USER00376,ACCT0225,Mrs. Amy Townsend DVM,morriscaleb@west.org,user
USER00377,ACCT0242,Alyssa Taylor,glendacarpenter@yahoo.com,owner
USER00378,ACCT0042,Douglas Cox,millerryan@gmail.com,admin
USER00379,ACCT0025,Timothy Martinez DDS,colingonzalez@gmail.com,user
USER00380,ACCT0137,Alejandro Powell,sreynolds@meyers-beck.net,user
USER00381,ACCT0031,Charles Chavez,doconnor@martin-stewart.info,admin
USER00382,ACCT0082,Dale Neal,rhodesdustin@cobb.biz,admin
USER00383,ACCT0118,Kristi Hunter,jonathan81@nguyen.com,owner
USER00384,ACCT0205,Tiffany Wagner,lauriemartinez@gmail.com,user
USER00385,ACCT0265,Tanya Estes,ecook@gmail.com,admin
USER00386,ACCT0217,Holly Thomas,kristin30@moyer.org,owner
USER00387,ACCT0025,Karen Campbell,andrewknight@collins.com,admin
USER00388,ACCT0174,Emily Gonzalez,blakenelson@nelson.biz,owner
USER00389,ACCT0035,Adam James,stevendavis@holland.com,user
USER00390,ACCT0090,Megan Hawkins,bonnie37@gibson-mitchell.com,admin
USER00391,ACCT0040,James Nguyen,maurice93@yahoo.com,admin
USER00392,ACCT0139,Fernando Fisher,shardy@gmail.com,user
USER00393,ACCT0298,Gabriel Sanchez,jennifer80@wade-nguyen.com,owner
USER00394,ACCT0151,Clifford Callahan,upowell@mendoza-wilkerson.com,owner
USER00395,ACCT0116,Jennifer Dawson,joshua01@allison.org,admin
USER00396,ACCT0023,Brandon Kirk,edwardjensen@ramsey.biz,user
USER00397,ACCT0289,Laura Patterson,kimberlygraves@yahoo.com,user
USER00398,ACCT0277,Savannah Padilla,davidfarmer@smith-little.org,owner
USER00399,ACCT0043,Timothy Riggs,jennifer64@ortiz-wallace.com,user
USER00400,ACCT0293,Tabitha Lopez,rodneylawson@kennedy.com,admin
USER00401,ACCT0252,Stephanie Steele,hross@edwards-rhodes.com,admin
USER00402,ACCT0031,Samantha Harris,lisa67@dunn.com,user
USER00403,ACCT0086,Michael Cox,wmoore@chavez-williams.com,owner
USER00404,ACCT0187,Corey Swanson,cynthia08@hotmail.com,user
USER00405,ACCT0211,Erin Martin,vjimenez@hotmail.com,admin
USER00406,ACCT0047,Kenneth Garza,robertsrhonda@ellis.net,user
USER00407,ACCT0243,Patrick Huff,uadams@yahoo.com,admin
USER00408,ACCT0264,Ian Chase,christopher43@santana-monroe.org,admin
USER00409,ACCT0161,Amy English,sheena59@hoffman.biz,user
USER00410,ACCT0062,Leslie Daniel,denniszimmerman@smith.com,user
USER00411,ACCT0079,Catherine Williams,iharvey@hotmail.com,owner
USER00412,ACCT0078,Joseph Mcknight,lisahanna@barber.com,user
USER00413,ACCT0262,Amanda Gill,nicholas59@garza.com,owner
USER00414,ACCT0017,Kyle Patterson,boydkendra@gmail.com,user
USER00415,ACCT0100,Miss Alyssa Hester,alanvaughn@yahoo.com,owner
USER00416,ACCT0181,David Jackson,zwallace@bridges-davis.biz,user
USER00417,ACCT0043,Cindy Strickland,bryantdavid@smith-chandler.com,user
USER00418,ACCT0111,Alexander Hernandez,cynthia27@gmail.com,user
USER00419,ACCT0007,Christopher Garcia,chad32@yahoo.com,owner
USER00420,ACCT0184,Billy Shaw,brittanycastro@hotmail.com,owner
USER00421,ACCT0298,Teresa Harris,shannonkim@yahoo.com,admin
USER00422,ACCT0066,Stephanie Padilla,schultzashley@harmon-harris.net,user
USER00423,ACCT0021,Sandra Reynolds,levinerebecca@hotmail.com,admin
USER00424,ACCT0193,Joseph Smith,christian71@hotmail.com,user
USER00425,ACCT0062,James Mcclure,perezheather@hotmail.com,user
USER00426,ACCT0101,Jessica Price PhD,mpalmer@hotmail.com,user
USER00427,ACCT0278,Taylor French,tflowers@gmail.com,admin
USER00428,ACCT0209,Vincent Dunn,andrewsnicole@hotmail.com,owner
USER00429,ACCT0245,Casey Williams,lynnsantos@yahoo.com,admin
USER00430,ACCT0245,Cindy Golden,sandragarcia@flores-perry.net,owner
USER00431,ACCT0284,Ryan Hernandez,reginald92@wilson.info,user
USER00432,ACCT0229,Louis Brown,fmccullough@barnett-calhoun.net,admin
USER00433,ACCT0253,Jessica Howell,cynthia23@espinoza.com,user
USER00434,ACCT0265,Nicole Jackson,sruiz@yahoo.com,owner
USER00435,ACCT0021,Melissa Cunningham,maddendeborah@gmail.com,admin
USER00436,ACCT0217,Jeremy Leon,jennaharrell@hotmail.com,user
USER00437,ACCT0251,Tara Hughes,tylergarcia@jones.biz,admin
USER00438,ACCT0048,Jennifer Johnson,fosterjacqueline@gomez.org,user
USER00439,ACCT0172,Adam Farrell,josephrebecca@yahoo.com,user
USER00440,ACCT0228,Mark Walker,christina53@macdonald.com,owner
USER00441,ACCT0251,Carlos Hardin,ihall@gmail.com,user
USER00442,ACCT0059,Steven Howard,rhiggins@yahoo.com,owner
USER00443,ACCT0200,Eric Galloway,parkeredward@yahoo.com,admin
USER00444,ACCT0184,James Hall,brandon63@yahoo.com,admin
USER00445,ACCT0292,Jesse Patel,ojohnson@mahoney-randolph.com,user
USER00446,ACCT0114,Nancy Miller,christopher29@ford.com,admin
USER00447,ACCT0030,Steven Avery,whitejeffrey@solis.com,owner
USER00448,ACCT0279,Samantha Ellis,cassandra73@hotmail.com,user
USER00449,ACCT0249,Jacqueline Brown,campbellmarissa@morgan.com,owner
USER00450,ACCT0182,Cristian Morales,zmontgomery@shelton-navarro.com,owner
USER00451,ACCT0145,Lawrence Brooks,elliottmiranda@hotmail.com,owner
USER00452,ACCT0126,Deanna Wilson,andrew71@walsh-hardin.com,user
USER00453,ACCT0098,Bryce Jones,williamsmith@thomas-stokes.com,owner
USER00454,ACCT0291,Christina Hall,priceronald@mcguire-dawson.com,admin
USER00455,ACCT0166,Christopher Diaz,jessicahayes@gmail.com,owner
USER00456,ACCT0002,Curtis Mullen,dylan09@blackburn.info,admin
USER00457,ACCT0113,Makayla Conner,dcox@greene-espinoza.org,owner
USER00458,ACCT0051,Michelle Baker,chelsea77@yahoo.com,admin
USER00459,ACCT0060,Rachael Miller DDS,guerrerovalerie@hotmail.com,user
USER00460,ACCT0088,Paul Spears,morsesara@hotmail.com,owner
USER00461,ACCT0288,Crystal Freeman,susanschwartz@gmail.com,user
USER00462,ACCT0131,Randy Hudson,sbailey@gmail.com,admin
USER00463,ACCT0169,Richard White,nwells@yahoo.com,user
USER00464,ACCT0189,Jane Young,john37@gmail.com,admin
USER00465,ACCT0261,Timothy Duran,kurtrios@anderson.com,admin
USER00466,ACCT0187,Karen Clark,ohill@bernard.biz,user
USER00467,ACCT0266,Catherine Neal,glenburns@brown.com,admin
USER00468,ACCT0112,Lance Liu,fgreen@rodriguez.info,user
USER00469,ACCT0132,Jessica Walker,lewisjuan@wallace.com,user
USER00470,ACCT0023,Brandy Evans,bryanfloyd@davis-meadows.biz,owner
USER00471,ACCT0003,Tina Case,amyrobinson@gmail.com,user
USER00472,ACCT0209,Brett Butler,sbanks@yahoo.com,owner
USER00473,ACCT0040,Gary Black,vancemegan@yahoo.com,admin
USER00474,ACCT0181,George Rodriguez,amandabennett@banks-norton.com,user
USER00475,ACCT0187,Charles Campbell,jennifer54@wilkins.net,owner
USER00476,ACCT0161,Jennifer Meyer,turnernichole@reynolds-waller.com,owner
USER00477,ACCT0043,Hannah Holmes,kim12@gmail.com,admin
USER00478,ACCT0210,Julie Miles,annawright@jones.com,owner
USER00479,ACCT0039,Christian Robertson,deborahmccarthy@hotmail.com,user
USER00480,ACCT0110,Brenda Harvey,paulacooper@hotmail.com,owner
USER00481,ACCT0229,Lauren Johnson,cmorales@myers.com,admin
USER00482,ACCT0263,Brenda Osborne,pwoods@hotmail.com,owner
USER00483,ACCT0127,Leah Cox,brownlogan@gmail.com,admin
USER00484,ACCT0245,Jessica Griffin,ashleywebb@hotmail.com,user
USER00485,ACCT0038,Theresa Rogers,melissa48@green.com,owner
USER00486,ACCT0262,Christine Silva,jgarcia@yahoo.com,user
USER00487,ACCT0031,Morgan Kennedy,calvinrichardson@tate.info,user
USER00488,ACCT0268,Amber Sanchez,trujillokaren@hernandez.com,owner
USER00489,ACCT0082,Todd Hines,riveradeborah@holland.biz,owner
USER00490,ACCT0091,Joseph Graham,dcollins@yahoo.com,owner
USER00491,ACCT0018,Steven Walker,usmith@short.com,admin
USER00492,ACCT0273,Francis Hall,turnerkelsey@becker.com,owner
USER00493,ACCT0061,Brandon Chase,maria75@dickerson.com,admin
USER00494,ACCT0253,Joshua Anderson,kmelton@yahoo.com,user
USER00495,ACCT0046,Jo Shea,brian79@vance.info,user
USER00496,ACCT0117,Suzanne Velez,chloeholland@gmail.com,admin
USER00497,ACCT0094,Sarah Dean,gregg40@yahoo.com,owner
USER00498,ACCT0160,David Herring,geraldrobinson@gmail.com,admin
USER00499,ACCT0290,James Kelley,bruce32@hotmail.com,user
USER00500,ACCT0257,Jessica Reilly,rmccormick@williams.net,user
USER00501,ACCT0234,Michele Jones,leejames@patterson.com,user
USER00502,ACCT0130,Joseph Brady,richard39@hill.info,user
USER00503,ACCT0059,Kimberly Rivera,davidreynolds@gmail.com,admin
USER00504,ACCT0276,Hannah Murray,shood@parker.org,admin
USER00505,ACCT0181,James Edwards,rodneyponce@burton.com,user
USER00506,ACCT0087,Darin Lee,jessicasanders@yahoo.com,owner
USER00507,ACCT0165,Anthony Eaton,qdiaz@gmail.com,user
USER00508,ACCT0117,Allen Schmidt,johnsonronald@thomas.biz,admin
USER00509,ACCT0019,Mark Wright,lfrye@gmail.com,owner
USER00510,ACCT0036,Sarah Johnson,martinezleah@yahoo.com,user
USER00511,ACCT0239,Laura Martin,melody09@lewis.org,user
USER00512,ACCT0282,Charles Lane,barrettjohn@smith.org,user
USER00513,ACCT0204,Nicholas Ashley,andersenolivia@daniels-decker.com,user
USER00514,ACCT0194,Sarah Williams,wgarcia@gmail.com,user
USER00515,ACCT0292,Bethany Medina,schneiderallison@hotmail.com,user
USER00516,ACCT0220,Connor Carter,duncanjenna@gmail.com,admin
USER00517,ACCT0161,Debra Ferguson,wilsondavid@dudley-bowers.org,user
USER00518,ACCT0289,Mrs. Lisa Garcia,gentryscott@small.org,owner
USER00519,ACCT0126,Sabrina Maddox,andersonashley@black.com,owner
USER00520,ACCT0170,Robert Parrish,jimmy28@williamson.com,user
USER00521,ACCT0169,Anthony Boyle,davidli@smith-curtis.com,user
USER00522,ACCT0101,John Webb,williamhamilton@hotmail.com,admin
USER00523,ACCT0286,Laura Leonard,wjackson@gmail.com,owner
USER00524,ACCT0229,Gabriel Mitchell,kylefowler@rogers.com,owner
USER00525,ACCT0005,Christina Lopez,toddschwartz@adams-sanders.info,admin
USER00526,ACCT0263,Charles Hansen,ashley08@cooley-solis.com,owner
USER00527,ACCT0063,Matthew Brown,jenniferserrano@gmail.com,admin
USER00528,ACCT0127,Tanya Parker,scott97@yahoo.com,admin
USER00529,ACCT0134,Bruce Navarro Jr.,leslieperez@gmail.com,owner
USER00530,ACCT0155,Anthony Thomas,timothyperkins@gmail.com,owner
USER00531,ACCT0006,Matthew Lopez,fcooper@hotmail.com,owner
USER00532,ACCT0040,Allison Dickerson,jonathancamacho@hotmail.com,owner
USER00533,ACCT0281,Diana Long,teresagood@hotmail.com,owner
USER00534,ACCT0053,William Casey,lance58@yahoo.com,owner
USER00535,ACCT0006,Omar Collier,emily64@taylor-castaneda.com,owner
USER00536,ACCT0126,Jeremy Johnson,bishopjohn@hotmail.com,admin
USER00537,ACCT0222,Robert Nelson,fwhite@mcguire.com,admin
USER00538,ACCT0009,Mark Miller,elizabeth07@gonzalez-raymond.com,admin
USER00539,ACCT0018,Gregory Orozco,donnaperez@hansen-fox.info,admin
USER00540,ACCT0012,Joanna Wagner,bradshah@hotmail.com,user
USER00541,ACCT0008,Adam Wong,llong@gomez-vaughn.com,user
USER00542,ACCT0183,Lisa Woods,sherrijohnson@mann.com,admin
USER00543,ACCT0194,Caitlyn Miller,amylee@lindsey.com,user
USER00544,ACCT0169,Ann Bowen,castanedashirley@yahoo.com,owner
USER00545,ACCT0074,Denise Chen,leejohnson@gmail.com,admin
USER00546,ACCT0055,Stephanie Peterson,gcox@yahoo.com,user
USER00547,ACCT0260,Jessica Preston,elizabeth36@matthews.com,user
USER00548,ACCT0099,Rebecca Singh,amandarodriguez@hotmail.com,user
USER00549,ACCT0166,Timothy Phillips,charles97@yahoo.com,user
USER00550,ACCT0006,Wendy Gallegos,marywarren@padilla-weber.com,owner
USER00551,ACCT0221,Lori Aguilar,lstephens@gmail.com,owner
USER00552,ACCT0058,Jeanette Stewart,johnstondenise@yahoo.com,admin
USER00553,ACCT0200,Travis Bennett,fclark@shepard.com,user
USER00554,ACCT0222,Michael Kerr,vanessaleach@lee-foley.biz,user
USER00555,ACCT0254,Tammy Rivera,utaylor@perez.com,owner
USER00556,ACCT0025,Susan Osborn,susanvang@mason-sullivan.biz,user
USER00557,ACCT0249,Patricia Wells,mlee@sandoval-alvarez.com,owner
USER00558,ACCT0113,Katherine Houston,christine53@mata.net,admin
USER00559,ACCT0056,Whitney Meyers,john42@hotmail.com,owner
USER00560,ACCT0016,Raven Perez,frederick00@gonzalez.com,owner
USER00561,ACCT0141,Karen Barrera,vchapman@gmail.com,owner
USER00562,ACCT0050,Albert Smith,clementsjared@robertson-roberts.info,owner
USER00563,ACCT0119,Mr. Jason Taylor DDS,lbender@holmes.com,owner
USER00564,ACCT0077,Jeremy Thornton,conniekemp@porter.com,owner
USER00565,ACCT0263,Chris Cardenas,uchristensen@mccoy.com,user
USER00566,ACCT0019,Molly Holt,lindsay24@thornton-coleman.org,admin
USER00567,ACCT0157,Brad Hoffman,vlewis@villegas.com,owner
USER00568,ACCT0180,Kenneth Smith,saundersalex@gardner-wilson.biz,owner
USER00569,ACCT0251,Lauren Watson,mendezsean@guzman-patton.com,user
USER00570,ACCT0120,Jennifer Nguyen,travis93@yahoo.com,owner
USER00571,ACCT0076,Christopher Walker,kingjeremy@gmail.com,owner
USER00572,ACCT0141,Jacob Richard,thorntonbrian@hernandez.com,owner
USER00573,ACCT0240,Brittney Adams,cookryan@hotmail.com,admin
USER00574,ACCT0023,Kristina Rice,yperry@boyd-ibarra.com,user
USER00575,ACCT0099,Kerry Stevens,melissa17@gmail.com,owner
USER00576,ACCT0140,Joshua Phillips,jbailey@bennett-charles.com,user
USER00577,ACCT0087,Savannah Aguilar,davidrodriguez@yahoo.com,owner
USER00578,ACCT0018,Jenny Tate,kristichavez@collins-campbell.com,user
USER00579,ACCT0229,Andrea Arias,nicholaswhite@yahoo.com,owner
USER00580,ACCT0030,Joseph Dixon,alexacampbell@perez.com,user
USER00581,ACCT0118,Erin Murillo,cherylbeard@yahoo.com,user
USER00582,ACCT0181,Amanda Adams,valenciajill@hotmail.com,user
USER00583,ACCT0019,Clayton Gray,smithkatherine@bernard.com,owner
USER00584,ACCT0033,Michael Ross,kennethpena@yahoo.com,admin
USER00585,ACCT0183,Claudia Williams,danadavis@sanchez.com,admin
USER00586,ACCT0234,Mrs. Julie Sawyer,adecker@yahoo.com,owner
USER00587,ACCT0026,Jason Singh,tammygoodman@gmail.com,admin
USER00588,ACCT0105,Nancy Garcia,dmiller@pierce-woodward.com,owner
USER00589,ACCT0193,Aimee Greene,thomas88@yahoo.com,admin
USER00590,ACCT0263,Darren Jones,yrivera@williams.net,owner
USER00591,ACCT0086,Roger Bell,juliele@evans-guzman.biz,user
USER00592,ACCT0047,Stephen Miller,qcoffey@ramos-clark.com,user
USER00593,ACCT0139,Darrell Munoz,manderson@hotmail.com,owner
USER00594,ACCT0260,Robert Huffman,caseywilliam@reed.com,user
USER00595,ACCT0285,David Oliver,michelle72@parker.biz,user
USER00596,ACCT0119,Vincent Fowler,riddlepatricia@bowen.com,user
USER00597,ACCT0141,Daniel Franklin,gwaller@hotmail.com,owner
USER00598,ACCT0277,Robert Stephenson,christy37@mitchell.com,owner
USER00599,ACCT0289,Michael Jackson,andrew98@hotmail.com,owner
USER00600,ACCT0136,Anna Fletcher,gutierrezjohn@yahoo.com,admin
USER00601,ACCT0133,Lisa Grant,christopher07@yahoo.com,user
USER00602,ACCT0127,Isaac Rich,imiller@gmail.com,user
USER00603,ACCT0203,David Brown,ugay@riley-robinson.org,admin
USER00604,ACCT0121,Amber Jones,jamiegriffin@gmail.com,admin
USER00605,ACCT0296,John Turner,simsdanny@yahoo.com,admin
USER00606,ACCT0169,Alicia Guzman,andersonvincent@yahoo.com,admin
USER00607,ACCT0251,Jaime Pope,cparker@moreno.com,owner
USER00608,ACCT0093,Brittany Martinez,wflores@hodge-wolf.com,owner
USER00609,ACCT0253,James Flores,jonathonpoole@diaz.com,user
USER00610,ACCT0087,Christian Rodriguez,kortiz@gmail.com,user
USER00611,ACCT0151,Diana Castaneda,cmunoz@gmail.com,admin
USER00612,ACCT0234,Terri Odonnell,jameshayes@smith-burch.com,owner
USER00613,ACCT0065,Catherine Soto,michaelgeorge@brown.com,owner
USER00614,ACCT0248,James Hernandez,dianeschroeder@gmail.com,owner
USER00615,ACCT0128,William Moody,dharrell@quinn-macias.com,user
USER00616,ACCT0262,Anthony Pacheco,vparrish@hurst-waters.org,user
USER00617,ACCT0074,Michael Patterson,randallbryan@yahoo.com,admin
USER00618,ACCT0127,Erika Deleon,james86@gmail.com,admin
USER00619,ACCT0228,Mr. Vincent Brown Jr.,williamquinn@perez.biz,owner
USER00620,ACCT0144,Jimmy Diaz,gerickson@johnson.net,owner
USER00621,ACCT0137,Jessica Robinson,keith35@gmail.com,owner
USER00622,ACCT0166,Jacob Williams,ssmith@gmail.com,admin
USER00623,ACCT0047,Paul Williams,linda76@gmail.com,user
USER00624,ACCT0269,Annette Barker,jose19@allison.info,user
USER00625,ACCT0092,Vanessa Huang,raymond89@mitchell-smith.com,admin
USER00626,ACCT0271,Stephanie Koch,victoriaschwartz@yahoo.com,owner
USER00627,ACCT0095,Meagan Porter,cabrerajason@hotmail.com,admin
USER00628,ACCT0271,Caitlin Allen,isaac31@lowery.com,owner
USER00629,ACCT0133,Melissa Hill,robertwoods@lee.com,admin
USER00630,ACCT0019,George Spence,sgordon@west.info,user
USER00631,ACCT0112,Kimberly Osborne,paynechristina@moore.com,owner
USER00632,ACCT0163,Allison Berry,david90@calhoun.com,owner
USER00633,ACCT0285,Christopher Cook,townsendlisa@woods-singh.net,owner
USER00634,ACCT0274,Daniel Meyer,wendykhan@chen.info,user
USER00635,ACCT0001,Tracie Williams,sbell@frazier.com,owner
USER00636,ACCT0090,Mark Mccoy,halljimmy@hotmail.com,admin
USER00637,ACCT0136,Angela Petersen,cholt@benitez.com,user
USER00638,ACCT0236,Veronica Hamilton,nicolehahn@gmail.com,admin
USER00639,ACCT0260,Christina Tate,johnsonbrian@yahoo.com,admin
USER00640,ACCT0239,Monica Peterson MD,steven41@lopez-berry.com,admin
USER00641,ACCT0060,Michael Carrillo,lisadiaz@yahoo.com,user
USER00642,ACCT0274,Cheyenne Scott,tammy59@farrell-stevens.com,admin
USER00643,ACCT0273,Jeffrey Gould,riveramisty@gmail.com,admin
USER00644,ACCT0055,Taylor Coleman,zpeck@yahoo.com,admin
USER00645,ACCT0117,David Greene,thomas17@gmail.com,owner
USER00646,ACCT0030,Mr. John Williams,johnsonjohn@pope.com,admin
USER00647,ACCT0087,Jeffrey Rodriguez,dominguezleslie@gmail.com,admin
USER00648,ACCT0178,Anthony Smith,townsendmark@yahoo.com,admin
USER00649,ACCT0143,Michael Shepard,amy71@knight.com,admin
USER00650,ACCT0149,Margaret Thomas,hlittle@benjamin.com,admin
USER00651,ACCT0143,Joseph Wilson,qnovak@hotmail.com,owner
USER00652,ACCT0141,Robert Dennis,scottcrystal@dunlap-williams.com,owner
USER00653,ACCT0016,Bobby Harris,ashley89@yahoo.com,admin
USER00654,ACCT0014,Kyle Cunningham,cmason@yahoo.com,user
USER00655,ACCT0069,Jo Hood PhD,alexmckee@wilson.biz,admin
USER00656,ACCT0152,Amy Thompson,thomas12@gmail.com,admin
USER00657,ACCT0240,Ashley Harmon,robertscott@lloyd.net,owner
USER00658,ACCT0222,Cynthia Hicks,burkeamanda@evans.com,user
USER00659,ACCT0278,Darrell Sweeney,kimberly71@hotmail.com,owner
USER00660,ACCT0014,Austin Walker,kellybyrd@hotmail.com,owner
USER00661,ACCT0291,Christine Maxwell,richardscott@yahoo.com,admin
USER00662,ACCT0172,Helen Johnston,james95@gmail.com,admin
USER00663,ACCT0122,Brandon Mendez,stephensonkimberly@grant-pennington.com,owner
USER00664,ACCT0287,Justin Garrett,kimberly80@chen-roth.com,admin
USER00665,ACCT0265,Collin Koch,michael47@hotmail.com,owner
USER00666,ACCT0149,Jacob Burns,dawn28@hotmail.com,owner
USER00667,ACCT0203,Johnny Clements,zkennedy@gmail.com,user
USER00668,ACCT0197,Maureen Brown,castanedagabriel@stewart.com,user
USER00669,ACCT0065,Felicia Burton,cody05@hotmail.com,owner
USER00670,ACCT0087,Zachary Nichols,brianstone@gonzalez-lynch.net,user
USER00671,ACCT0148,John Riley,mayjessica@gmail.com,user
USER00672,ACCT0076,Carl White,nelsonkyle@yahoo.com,admin
USER00673,ACCT0231,Anne Coleman,taraaguilar@hotmail.com,owner
USER00674,ACCT0132,Derek Patterson,rushstephen@hotmail.com,admin
USER00675,ACCT0168,Brian Evans,gary68@yahoo.com,user
USER00676,ACCT0120,Justin Johnson,mccarthykathleen@martinez-thompson.com,user
USER00677,ACCT0206,Savannah Fitzgerald,hlittle@sosa.com,owner
USER00678,ACCT0263,Barbara Rogers,christine57@fuentes-hester.com,user
USER00679,ACCT0095,Brandon Young,cynthiajackson@gmail.com,user
USER00680,ACCT0222,Susan Miller,jeremy09@collins.org,owner
USER00681,ACCT0284,George Adkins,nmoore@sellers-hardy.com,user
USER00682,ACCT0291,Erica Garcia,vegawayne@lane-archer.info,user
USER00683,ACCT0220,Steven Mclaughlin,austindunn@howell-perry.com,owner
USER00684,ACCT0107,Lynn Bruce,mario84@harris.biz,user
USER00685,ACCT0018,Benjamin Berg,tstephens@yahoo.com,admin
USER00686,ACCT0248,Dana Whitehead,roberthamilton@rogers-sexton.biz,admin
USER00687,ACCT0253,Courtney Armstrong,chelsea15@green-carter.org,user
USER00688,ACCT0228,Frank Fischer,richard53@wilson.biz,user
USER00689,ACCT0129,Jeffrey Patterson,fcarey@yahoo.com,admin
USER00690,ACCT0188,Rebecca Bird,yatessarah@simmons.org,admin
USER00691,ACCT0172,David Martinez,xyu@park-molina.com,admin
USER00692,ACCT0167,Bryan Horton,murphyjoy@smith.biz,owner
USER00693,ACCT0117,Kimberly Beck,zhowe@yahoo.com,owner
USER00694,ACCT0265,Kenneth Dorsey,derrickdavis@hotmail.com,admin
USER00695,ACCT0178,Heidi Prince,michellehicks@gray.com,user
USER00696,ACCT0191,Evan Gibson,webbcatherine@hotmail.com,user
USER00697,ACCT0011,Chase Wallace,monicaclark@hotmail.com,user
USER00698,ACCT0138,Justin Mcclure,phamdanny@hotmail.com,user
USER00699,ACCT0195,Maureen Estrada,drobles@gmail.com,admin
USER00700,ACCT0186,Kathy Orozco,dwashington@brown-phelps.com,user
USER00701,ACCT0191,Trevor Strickland,millertheresa@singleton.net,user
USER00702,ACCT0223,Randy Lane,reginald40@gmail.com,user
USER00703,ACCT0235,Trevor Roach,riveradouglas@hotmail.com,admin
USER00704,ACCT0026,Daniel Hudson,anthonymatthew@gmail.com,user
USER00705,ACCT0214,Roy Bailey,austinjames@gmail.com,owner
USER00706,ACCT0046,Emily Cruz,jessicawilliams@yahoo.com,owner
USER00707,ACCT0204,Mrs. Ashley Munoz,marc13@gmail.com,admin
USER00708,ACCT0177,Thomas Schaefer,rjackson@hotmail.com,owner
USER00709,ACCT0206,Mary Pineda,melissa25@yahoo.com,admin
USER00710,ACCT0224,Robert Snyder,chamberselizabeth@montgomery.net,owner
USER00711,ACCT0056,Sara Taylor,sweeneyomar@yahoo.com,user
USER00712,ACCT0098,Kimberly Vargas,garciasteven@wilson.com,admin
USER00713,ACCT0068,Margaret Thompson,matthewruiz@johnson.com,admin
USER00714,ACCT0242,Christopher Joseph,joshuastevens@hotmail.com,owner
USER00715,ACCT0165,Alexa Miller,cortezmichael@yahoo.com,admin
USER00716,ACCT0177,Ms. Amy Armstrong MD,rosariokeith@price-morales.net,owner
USER00717,ACCT0246,Tina Johnson,ogarza@beasley.com,user
USER00718,ACCT0252,Pamela Wade,robin16@yahoo.com,user
USER00719,ACCT0240,Elizabeth Case,alexander69@gmail.com,user
USER00720,ACCT0098,John Moran,michael95@gay.com,owner
USER00721,ACCT0211,Samuel Walker,sdavis@hotmail.com,owner
USER00722,ACCT0181,Denise Nguyen,bradley83@white.com,owner
USER00723,ACCT0110,Matthew Thomas,matthewmorse@jackson.com,admin
USER00724,ACCT0051,John Hancock,lscott@bishop.info,owner
USER00725,ACCT0116,Michael Pierce,hickmanrachel@gmail.com,user
USER00726,ACCT0118,William Duran,briannajones@may.org,user
USER00727,ACCT0219,Nicholas Whitaker,rcox@yahoo.com,owner
USER00728,ACCT0280,Crystal Thomas,corey55@lang-schaefer.com,owner
USER00729,ACCT0244,Eugene Smith,hnewman@miller-carney.com,owner
USER00730,ACCT0134,Heather Adams,jordanalexis@yahoo.com,owner
USER00731,ACCT0136,Raymond Reyes,nicholsryan@hotmail.com,admin
USER00732,ACCT0016,Leslie Graves,contreraswesley@yahoo.com,user
USER00733,ACCT0210,Heather Williams,xdyer@henderson-dawson.com,user
USER00734,ACCT0006,Ashley Curry,wattsbradley@nguyen.net,owner
USER00735,ACCT0042,Mary Shepard,reyeselizabeth@hotmail.com,user
USER00736,ACCT0137,Sheila Perry,jsparks@marquez-boyd.org,user
USER00737,ACCT0040,Katie Garcia,mortonjustin@hayes.com,admin
USER00738,ACCT0213,Lisa Moore,dwilliams@russell-christian.com,user
USER00739,ACCT0088,Robert Kirby,kwallace@nguyen-foster.com,user
USER00740,ACCT0210,Amy Rodriguez,john78@anthony-summers.info,user
USER00741,ACCT0280,Michael Edwards,astephens@hunt.com,owner
USER00742,ACCT0152,Jennifer Lozano,kim04@hotmail.com,owner
USER00743,ACCT0119,Joshua Jacobs,danhouston@yahoo.com,admin
USER00744,ACCT0098,Jamie Dominguez,cassie07@rose-jones.com,user
USER00745,ACCT0080,Roy Taylor,luis44@mccullough.biz,owner
USER00746,ACCT0217,Vincent Ferguson,michael42@chaney-rivera.biz,admin
USER00747,ACCT0254,Laura Hayden,william12@gmail.com,owner
USER00748,ACCT0028,Matthew Miles,lindseylee@cox.com,owner
USER00749,ACCT0286,Cindy Brown,clarkdaniel@robinson-jordan.org,admin
USER00750,ACCT0271,Sherry Brooks,robertgrimes@gmail.com,user
USER00751,ACCT0291,Dr. Bailey Edwards,antonio20@fitzpatrick.com,user
USER00752,ACCT0131,Gabriel Price,igonzalez@crawford.info,owner
USER00753,ACCT0016,Stephanie Miller,georgekyle@hotmail.com,user
USER00754,ACCT0009,Brian Wood,davismelissa@yahoo.com,owner
USER00755,ACCT0255,Sean Gonzalez,pwilson@gmail.com,admin
USER00756,ACCT0147,Jacob Johnson,ugallegos@coleman.com,user
USER00757,ACCT0210,Stephanie Anderson,bschroeder@taylor-church.com,user
USER00758,ACCT0162,Jesse Foley,charlesbrennan@gmail.com,owner
USER00759,ACCT0054,David Miranda,xsharp@castro.org,user
USER00760,ACCT0243,Ian Smith,michaelsilva@yahoo.com,owner
USER00761,ACCT0173,Christopher Haney,marissa14@hotmail.com,owner
USER00762,ACCT0237,Richard Hughes,jacksonstephen@yahoo.com,admin
USER00763,ACCT0142,Jerry Avila,fpaul@barnes-bartlett.com,owner
USER00764,ACCT0242,Autumn Stone,wendy76@gmail.com,admin
USER00765,ACCT0255,Debbie Sanders,alexis59@gmail.com,user
USER00766,ACCT0282,Karl Solomon,rodriguezamanda@hotmail.com,owner
USER00767,ACCT0102,Donna Robertson,thomas35@colon.info,user
USER00768,ACCT0081,Michael Hayes,zcoleman@abbott.com,owner
USER00769,ACCT0146,Jeffrey Alexander,angela73@hill-baker.info,admin
USER00770,ACCT0220,Megan Wang,kmcdonald@garcia.com,owner
USER00771,ACCT0267,Tammy Sanford,austinbarbara@yahoo.com,admin
USER00772,ACCT0106,Audrey Clark,jennifersmith@hart.org,owner
USER00773,ACCT0264,Kelly Thomas,steven96@gmail.com,admin
USER00774,ACCT0122,Aaron Henson,gmoore@yahoo.com,owner
USER00775,ACCT0237,Timothy Jordan,mark65@yahoo.com,admin
USER00776,ACCT0237,David Gardner,oliviafoster@huynh.biz,admin
USER00777,ACCT0170,Jose Clements,tbaldwin@yahoo.com,user
USER00778,ACCT0294,Michael Taylor,hallen@hotmail.com,admin
USER00779,ACCT0157,Kayla Valentine,kylejennings@barnes.com,user
USER00780,ACCT0012,Stephanie Ortega,yturner@yahoo.com,owner
USER00781,ACCT0171,Kimberly Norris,kaitlyn12@yahoo.com,user
USER00782,ACCT0156,Erin Abbott,ashleywise@gmail.com,user
USER00783,ACCT0144,John Mcmahon,ajohnson@moran-drake.biz,owner
USER00784,ACCT0104,Kevin Thomas,cparker@gmail.com,user
USER00785,ACCT0192,Anthony Moore,fpearson@avila.com,user
USER00786,ACCT0184,Courtney Walker,travisedwards@larson.com,admin
USER00787,ACCT0098,Samantha Reid,jacqueline71@hotmail.com,admin
USER00788,ACCT0087,Mrs. Crystal Williams MD,erichards@austin.biz,admin
USER00789,ACCT0162,Brandy Coleman,wmartinez@yahoo.com,owner
USER00790,ACCT0003,Christie Martinez,christian69@diaz-short.com,owner
USER00791,ACCT0170,Kyle Johnston,rachel76@andrews.com,user
USER00792,ACCT0252,Heather Rush,briannareid@dougherty-bradley.net,admin
USER00793,ACCT0025,Mr. Jay Hoffman,hamiltontravis@gmail.com,owner
USER00794,ACCT0186,Stacy Johnson,dannystephens@gmail.com,admin
USER00795,ACCT0031,Lisa Hernandez,charles31@conley.net,owner
USER00796,ACCT0231,Rachael Hamilton,knichols@yahoo.com,admin
USER00797,ACCT0009,Susan Petersen,aguilarnicholas@yahoo.com,owner
USER00798,ACCT0045,Randy Miller,moniquestewart@lopez-horn.com,admin
USER00799,ACCT0175,Kayla Lambert,richardsonandrew@kramer-james.com,user
USER00800,ACCT0291,Judith Williams,christina39@yahoo.com,user
USER00801,ACCT0178,Lynn Price,jgross@payne.org,user
USER00802,ACCT0233,Sharon Peterson,jkoch@gmail.com,owner
USER00803,ACCT0206,Jessica Gross,jason26@hayes.org,admin
USER00804,ACCT0278,Zachary Reilly,aprilhicks@hotmail.com,admin
USER00805,ACCT0078,Patrick Hodges,jennifer69@proctor.info,admin
USER00806,ACCT0065,Matthew Jimenez,bentonanthony@yahoo.com,owner
USER00807,ACCT0263,Micheal Douglas,courtneybowen@cook-mcdaniel.com,user
USER00808,ACCT0261,David Morales,pcooper@anderson.com,owner
USER00809,ACCT0227,Linda Wallace,vtorres@horn-hutchinson.com,owner
USER00810,ACCT0107,Elizabeth Turner,rhonda26@yahoo.com,owner
USER00811,ACCT0276,George Lamb,reiderica@calhoun.biz,admin
USER00812,ACCT0265,Meagan Herring,sara33@hotmail.com,owner
USER00813,ACCT0029,Elizabeth Weber,lharris@gmail.com,user
USER00814,ACCT0271,Gina Barnes,banksjames@yahoo.com,owner
USER00815,ACCT0157,Gary Aguilar,cmason@yahoo.com,user
USER00816,ACCT0217,Gabriela Haley,rhenry@blair.net,user
USER00817,ACCT0156,Brittney Henson,joseph76@bell.biz,user
USER00818,ACCT0284,Logan Goodwin,juarezstephanie@beck.net,owner
USER00819,ACCT0048,Matthew Kirk,mmorton@rice.com,owner
USER00820,ACCT0168,Allen Bright,richardsonmary@gmail.com,user
USER00821,ACCT0010,Zachary Torres,chelsea32@yahoo.com,owner
USER00822,ACCT0016,Matthew Olson,diana43@hughes-thompson.com,admin
USER00823,ACCT0050,Kari Rios,zcastro@jones.com,user
USER00824,ACCT0131,Tonya Tucker MD,nrichardson@yahoo.com,user
USER00825,ACCT0144,Suzanne Thomas,nsutton@carter.com,owner
USER00826,ACCT0037,Hannah Maldonado,carloshorton@butler.com,admin
USER00827,ACCT0272,Megan Kidd,johngeorge@yahoo.com,admin
USER00828,ACCT0249,Lisa Randolph,herreraveronica@lester.biz,admin
USER00829,ACCT0278,Melanie Sanders,yrios@yahoo.com,user
USER00830,ACCT0128,Veronica Mullins,sharpdarren@ferrell-evans.org,user
USER00831,ACCT0267,Jennifer Wheeler,stacey66@yahoo.com,owner
USER00832,ACCT0134,Craig Barrett,xnicholson@hotmail.com,admin
USER00833,ACCT0059,April Johnson,catherine53@alvarado-williams.com,owner
USER00834,ACCT0171,Stephen White,christina20@brown.net,admin
USER00835,ACCT0223,John Elliott,catherinehernandez@skinner.com,owner
USER00836,ACCT0272,Brenda Smith,garciaamy@richmond.net,admin
USER00837,ACCT0038,Michelle Pacheco,michaelharris@gmail.com,owner
USER00838,ACCT0221,Anthony Bird,clinton14@gmail.com,owner
USER00839,ACCT0180,Alexander Davis,danny27@hotmail.com,owner
USER00840,ACCT0004,Thomas Gibbs,brandon66@gmail.com,owner
USER00841,ACCT0106,Tyler Marshall,alan95@williams.com,owner
USER00842,ACCT0005,Robert Osborne,josephchoi@hotmail.com,user
USER00843,ACCT0187,Sandra Doyle,sean02@gmail.com,admin
USER00844,ACCT0111,Nicole Bailey,jennysimpson@gmail.com,admin
USER00845,ACCT0164,Kevin Skinner,elizabeth23@ray.com,user
USER00846,ACCT0233,Lawrence Warren,newmanlaurie@yahoo.com,admin
USER00847,ACCT0045,Andrew Anderson,andersonnicholas@yahoo.com,admin
USER00848,ACCT0018,Deborah Thompson,jessicagarcia@jones.com,admin
USER00849,ACCT0270,Brian Hill,brittany01@yahoo.com,user
USER00850,ACCT0010,Angela Lindsey,ohenderson@gmail.com,admin
USER00851,ACCT0228,Kristy Hebert,stuartmichele@hotmail.com,owner
USER00852,ACCT0223,Stacey Norton,achandler@hotmail.com,admin
USER00853,ACCT0182,Lisa Ellison,xgarza@forbes-dixon.com,owner
USER00854,ACCT0177,Mrs. Kelly Anderson MD,nelsonkristin@hotmail.com,user
USER00855,ACCT0097,Judith Fuentes,david66@rivas.com,admin
USER00856,ACCT0254,Thomas Griffin,robertharding@coleman-white.org,user
USER00857,ACCT0168,Erika Silva,sanderschad@moore.com,admin
USER00858,ACCT0270,William Alvarez,sampsondavid@hotmail.com,owner
USER00859,ACCT0275,Jenna Patterson,jamesrandall@davis.com,admin
USER00860,ACCT0114,Jennifer Henderson,sarahsummers@jackson-hale.org,admin
USER00861,ACCT0088,Matthew Garcia,kathryn59@boyer.com,user
USER00862,ACCT0020,Tammy Howard,markstevens@gmail.com,admin
USER00863,ACCT0297,Mark Wise,lstewart@yahoo.com,user
USER00864,ACCT0202,Dana Willis,williamsullivan@gmail.com,admin
USER00865,ACCT0038,Timothy Clarke,taylorkelly@yahoo.com,user
USER00866,ACCT0206,Monica Watkins,lisa90@gmail.com,user
USER00867,ACCT0217,Claudia Morales,amcdonald@hotmail.com,admin
USER00868,ACCT0154,April Miller,gordonallen@yahoo.com,admin
USER00869,ACCT0140,Sheila Burke,amanda80@kelly.com,user
USER00870,ACCT0223,Timothy Maddox,victoria36@gmail.com,admin
USER00871,ACCT0201,Jeffrey Norris,bobbyandersen@yahoo.com,owner
USER00872,ACCT0237,David Montgomery,tsullivan@lopez.org,user
USER00873,ACCT0205,Jacqueline Moore,adam22@johnson-conner.biz,admin
USER00874,ACCT0164,Ana Petty,nwillis@gmail.com,owner
USER00875,ACCT0240,Cody Edwards,whiterhonda@gmail.com,user
USER00876,ACCT0271,Peter Jones,dawnhoward@dunn.com,owner
USER00877,ACCT0128,Michele Rodriguez,bishopshannon@johnson.biz,admin
USER00878,ACCT0270,Shawn Johnston,kendraramos@hotmail.com,user
USER00879,ACCT0151,Sydney Francis,morgan93@gmail.com,admin
USER00880,ACCT0200,Patrick Wilson,pamela21@yahoo.com,owner
USER00881,ACCT0089,Amanda Garcia,gavin94@griffith.com,user
USER00882,ACCT0174,Monica Chavez,robinsonrobert@yahoo.com,user
USER00883,ACCT0201,Madison Alexander,larrypineda@yahoo.com,user
USER00884,ACCT0135,Angela Levy,lorijohnson@gamble.com,user
USER00885,ACCT0079,Brandon Boyd,brandi11@burnett.com,owner
USER00886,ACCT0299,Leslie Miller,kelsey21@parker-hill.com,owner
USER00887,ACCT0293,Maria Wu,kmccoy@gmail.com,admin
USER00888,ACCT0239,Cindy Jimenez,danny41@gmail.com,user
USER00889,ACCT0150,John Scott,collinsmaria@yahoo.com,admin
USER00890,ACCT0087,Sheri Ali,madison74@bailey.org,admin
USER00891,ACCT0115,Matthew Caldwell MD,dan01@clark.com,user
USER00892,ACCT0209,Robert Knight,heather92@taylor.com,admin
USER00893,ACCT0228,Jessica Taylor,scallahan@yahoo.com,owner
USER00894,ACCT0088,Ashley Garcia,rojasbruce@taylor.net,admin
USER00895,ACCT0245,Thomas Villegas,peterellis@cowan.com,owner
USER00896,ACCT0155,Brian Myers,kwhite@gmail.com,owner
USER00897,ACCT0092,Kristen Hunt,denisegeorge@hotmail.com,admin
USER00898,ACCT0166,Nicholas Payne,michaelheath@gmail.com,admin
USER00899,ACCT0046,Scott White,lindseylucero@gmail.com,admin
USER00900,ACCT0161,Desiree Garcia,brenda96@burgess-macdonald.biz,user
USER00901,ACCT0274,Angela Jackson,oknight@evans-hodge.info,admin
USER00902,ACCT0041,Jaclyn Koch,brownheidi@yahoo.com,admin
USER00903,ACCT0177,Jamie Parker,awilliams@hotmail.com,admin
USER00904,ACCT0131,John Nichols,rodriguezlauren@weber-davidson.net,user
USER00905,ACCT0015,Henry Bryan,michael81@yahoo.com,user
USER00906,ACCT0160,Heather Proctor,mhoffman@hernandez.com,user
USER00907,ACCT0260,Edgar Ramirez,michaelwilliams@hotmail.com,owner
USER00908,ACCT0142,Lauren Maxwell,omartinez@lloyd.com,user
USER00909,ACCT0290,Jessica Christian,mark52@cannon-miller.com,admin
USER00910,ACCT0097,Cody Cruz,wisedavid@woods-freeman.net,owner
USER00911,ACCT0221,Erika Johns,sara74@hotmail.com,user
USER00912,ACCT0272,Michelle Rangel,michael95@peters.com,admin
USER00913,ACCT0010,Kevin Murphy,jordanadam@gmail.com,owner
USER00914,ACCT0064,Jennifer Barnes,johnsonphilip@hotmail.com,admin
USER00915,ACCT0297,Laura Torres,jonathanhayes@nichols-montgomery.com,user
USER00916,ACCT0142,Marcus Hamilton,danielleallen@johnson.com,admin
USER00917,ACCT0103,Mary Roach,nsharp@gmail.com,user
USER00918,ACCT0051,Madison Werner,mcrawford@jackson.info,admin
USER00919,ACCT0269,Susan Fletcher,calhounrobert@mann-case.info,user
USER00920,ACCT0166,Thomas Sanders,gabrielmaynard@boyer.biz,user
USER00921,ACCT0159,Joanne West,charleszavala@hotmail.com,user
USER00922,ACCT0094,Michael Mora,susan61@lynch.org,admin
USER00923,ACCT0112,Edwin May,hgibson@salazar.com,admin
USER00924,ACCT0219,Dawn Martinez,kevinberry@yahoo.com,admin
USER00925,ACCT0006,Ryan Pennington,jasonsmith@gmail.com,admin
USER00926,ACCT0284,John Boyd,moorejeremy@gmail.com,owner
USER00927,ACCT0030,Ms. Sydney Willis,ejackson@gmail.com,admin
USER00928,ACCT0184,Alexis Robinson,whitney83@gmail.com,owner
USER00929,ACCT0244,Steven Kelly,hcarter@matthews.com,user
USER00930,ACCT0187,Michelle White,summerjames@hernandez-johnson.com,owner
USER00931,ACCT0098,Joshua Case,douglas84@yahoo.com,owner
USER00932,ACCT0008,Jennifer Miller,janet27@anderson.biz,user
USER00933,ACCT0178,Diana Clarke,zgonzales@hotmail.com,user
USER00934,ACCT0274,Kevin Smith,ulong@acosta-barr.biz,admin
USER00935,ACCT0158,Zachary Cervantes,jenkinscourtney@yahoo.com,admin
USER00936,ACCT0141,Elizabeth Smith,evan04@fisher.com,admin
USER00937,ACCT0081,Mr. Darrell Woods DDS,gonzalesrachel@hotmail.com,admin
USER00938,ACCT0094,Kara Potter,diazlisa@gmail.com,admin
USER00939,ACCT0159,Jim Ramirez,sarahquinn@roberts.com,owner
USER00940,ACCT0037,Danielle Atkinson,michelle57@sampson.net,admin
USER00941,ACCT0211,Scott Thompson,sanchezjustin@yahoo.com,owner
USER00942,ACCT0044,Kaitlin Oconnor,virginiashelton@hotmail.com,admin
USER00943,ACCT0240,Beth Watson,jonathan23@yahoo.com,owner
USER00944,ACCT0281,David Murray,angelamiller@hunter-bowers.com,user
USER00945,ACCT0048,Carlos Jones,beckerkarl@gmail.com,admin
USER00946,ACCT0279,Kelsey Rivera,samuelweeks@white.com,owner
USER00947,ACCT0261,Gregory Ryan,matthewreid@payne.info,user
USER00948,ACCT0087,Alexis Parks,christine55@yahoo.com,admin
USER00949,ACCT0193,Gregory Zhang,jenniferjenkins@yahoo.com,owner
USER00950,ACCT0080,Andrew Strickland,jacobsims@yahoo.com,admin
USER00951,ACCT0027,Mary Stone,brownemily@beltran.net,user
USER00952,ACCT0150,Erin Hahn,thomasjones@gmail.com,admin
USER00953,ACCT0244,Morgan Russo,webstergail@gmail.com,user
USER00954,ACCT0067,Briana Mills,myerstyrone@martinez.com,admin
USER00955,ACCT0248,Nicole Lyons,mleonard@williams-crawford.net,owner
USER00956,ACCT0096,Christy Taylor,brownluis@hotmail.com,user
USER00957,ACCT0007,Denise Perez,hjohnson@hotmail.com,user
USER00958,ACCT0154,Thomas Diaz,heather81@yahoo.com,admin
USER00959,ACCT0216,Jessica Lopez,nicholaspatel@gonzalez.biz,user
USER00960,ACCT0228,Jason Hunt,ericchen@hotmail.com,owner
USER00961,ACCT0179,Mr. Michael Cox Jr.,kwolfe@yahoo.com,owner
USER00962,ACCT0272,Brett Smith,spencermoreno@hotmail.com,owner
USER00963,ACCT0210,Cody Walsh,nthomas@yahoo.com,owner
USER00964,ACCT0251,Richard Flynn,robinsonshelley@nelson.info,admin
USER00965,ACCT0191,Jeremy Fisher,jeffrey43@gmail.com,admin
USER00966,ACCT0122,Joseph Callahan,sandra92@gmail.com,owner
USER00967,ACCT0023,Pamela Caldwell,fholland@jones-ramsey.com,user
USER00968,ACCT0046,Joseph Dawson,aliciajones@figueroa.net,user
USER00969,ACCT0014,Carol Freeman,sheila84@hotmail.com,user
USER00970,ACCT0143,Jennifer Hale,zmason@yahoo.com,admin
USER00971,ACCT0059,Jody Thompson,lauren47@hotmail.com,admin
USER00972,ACCT0223,Rebecca Lee,morenodavid@olson.com,owner
USER00973,ACCT0241,James Dunn,wcummings@goodman.com,admin
USER00974,ACCT0224,Brian Schroeder,jessica15@gonzalez-bailey.com,admin
USER00975,ACCT0097,Lori Hull,toddcooper@gmail.com,user
USER00976,ACCT0027,Juan Gonzalez,danielthornton@yahoo.com,owner
USER00977,ACCT0151,Eric Tate,briancombs@gmail.com,admin
USER00978,ACCT0130,Dana Bolton,joseph27@gmail.com,user
USER00979,ACCT0248,Robin Alvarez,gpowers@yahoo.com,admin
USER00980,ACCT0278,Sara Oneal,robertsstephanie@gmail.com,admin
USER00981,ACCT0086,Ashley Crawford,smithjeremy@yahoo.com,admin
USER00982,ACCT0028,William Rice,victoria25@lester.com,admin
USER00983,ACCT0295,Leah Garcia,srobinson@gmail.com,owner
USER00984,ACCT0138,Gerald Harris,millersherri@hotmail.com,owner
USER00985,ACCT0089,Christina Rivera,pgalvan@gmail.com,owner
USER00986,ACCT0200,Daniel Arias,ehall@yahoo.com,owner
USER00987,ACCT0191,Alex Davis,ethan36@yahoo.com,admin
USER00988,ACCT0297,Patricia Rice,brooke11@hotmail.com,admin
USER00989,ACCT0009,Tommy Ball,steven18@saunders.com,owner
USER00990,ACCT0152,Steven Bishop,michelle06@stevens-evans.net,user
USER00991,ACCT0192,Steven Mcpherson,hreyes@white.com,user
USER00992,ACCT0019,Kelly Baker,bryanrussell@meza.com,admin
USER00993,ACCT0054,Michael Williams DDS,samantha85@hotmail.com,owner
USER00994,ACCT0289,Cassandra Nelson,tiffanyhiggins@stewart.com,owner
USER00995,ACCT0021,Christopher Nicholson,christopherthompson@gmail.com,owner
USER00996,ACCT0162,Linda Fernandez,malonemaria@gmail.com,user
USER00997,ACCT0112,Lynn Bentley,andrewjackson@wilson.net,user
USER00998,ACCT0001,Brian Flynn,williamcunningham@garrett.info,admin
USER00999,ACCT0205,Michael Brown,wendyerickson@yahoo.com,user
USER01000,ACCT0150,Frederick Andersen,lstanley@hotmail.com,admin
