survey_id,account_id,score,comment,survey_date
NPS00001,ACCT0172,2,Out address few member determine.,2025-01-07
NPS00002,ACCT0243,5,Goal note trip simply policy remain choice hundred him every.,2025-07-09
NPS00003,ACCT0115,0,Democratic speech door marriage poor level learn.,2024-11-17
NPS00004,ACCT0095,3,Radio really security police.,2025-05-27
NPS00005,ACCT0208,4,Clearly decide sense medical hot not group official customer.,2025-08-15
NPS00006,ACCT0170,2,Town east quality cut himself glass stand subject physical too.,2025-06-15
NPS00007,ACCT0175,6,Until small concern top ability truth simply benefit.,2025-03-02
NPS00008,ACCT0229,8,Purpose trial blue current film.,2025-02-10
NPS00009,ACCT0253,2,Movie radio decade candidate finally raise decade.,2025-01-17
NPS00010,ACCT0040,5,Hard meeting report treatment staff modern.,2025-09-23
NPS00011,ACCT0122,9,Reality hand commercial draw find buy major.,2025-05-09
NPS00012,ACCT0266,4,Wish matter walk by leg worker ago because culture.,2024-12-03
NPS00013,ACCT0049,8,Also education fast radio election fact measure sell because.,2025-09-27
NPS00014,ACCT0132,2,Trial item born owner hundred.,2024-12-16
NPS00015,ACCT0092,9,Main condition north strong son camera.,2024-11-21
NPS00016,ACCT0040,5,New agreement law medical station write adult spend able form.,2025-06-13
NPS00017,ACCT0258,3,Kitchen home well beautiful like opportunity him area blue.,2025-04-29
NPS00018,ACCT0276,8,When human member whom someone job debate.,2025-02-13
NPS00019,ACCT0112,3,Guess training free read reduce tough cost.,2024-11-21
NPS00020,ACCT0209,8,Difficult project serious weight buy.,2024-12-25
NPS00021,ACCT0149,5,His party maintain grow attorney campaign concern nor.,2025-04-22
NPS00022,ACCT0215,9,Throw born our economy rule lawyer.,2025-07-30
NPS00023,ACCT0112,1,Season each information international trouble finish center.,2025-09-29
NPS00024,ACCT0146,10,Impact network can own pay kid who party avoid.,2025-04-13
NPS00025,ACCT0244,8,Water old game several like middle guy ground.,2025-02-27
NPS00026,ACCT0282,6,True memory usually I very industry girl later customer.,2024-11-26
NPS00027,ACCT0209,4,Hotel beautiful follow evidence fund.,2025-09-20
NPS00028,ACCT0025,5,Will road item down concern.,2025-11-06
NPS00029,ACCT0033,3,Audience matter his perhaps resource long father data choice bill.,2025-10-21
NPS00030,ACCT0195,0,Determine probably serious fire community guy.,2025-10-07
NPS00031,ACCT0260,2,Very require carry them right themselves grow treat drive about.,2025-01-27
NPS00032,ACCT0172,2,Center another side fast store establish.,2025-04-13
NPS00033,ACCT0213,10,Suddenly billion team day.,2025-04-01
NPS00034,ACCT0010,4,Manager remember dog range think establish reach go open.,2025-01-07
NPS00035,ACCT0025,10,Official politics value create him deep.,2024-12-22
NPS00036,ACCT0157,8,Partner stand model available building among.,2024-12-20
NPS00037,ACCT0086,6,Strong back mother cause perhaps effect.,2025-08-24
NPS00038,ACCT0104,5,Expect wind past western stop child.,2025-09-28
NPS00039,ACCT0223,6,Town still before especially hope speech Republican amount record.,2025-02-13
NPS00040,ACCT0050,6,Make policy avoid play small bed page lot ground.,2025-09-02
NPS00041,ACCT0050,6,Paper population bill history final never instead role degree piece.,2025-08-30
NPS00042,ACCT0045,6,May discussion approach itself ready rock.,2024-12-06
NPS00043,ACCT0057,1,Remain talk wish face floor agency well foreign mind production.,2025-05-02
NPS00044,ACCT0065,4,Return vote war page be language.,2025-05-08
NPS00045,ACCT0075,8,Wait risk more still respond moment despite.,2025-08-24
NPS00046,ACCT0241,0,Away show might remain general born song later ten.,2025-05-13
NPS00047,ACCT0299,0,Technology meet where teacher area recognize respond effect man.,2025-05-02
NPS00048,ACCT0183,4,Few life either long.,2025-07-13
NPS00049,ACCT0219,5,Newspaper difference five dinner federal today down.,2025-02-17
NPS00050,ACCT0063,2,Inside opportunity fill magazine room ago hour wall.,2025-05-03
NPS00051,ACCT0215,0,Feeling become clear high.,2025-07-01
NPS00052,ACCT0162,3,Weight field kid election police stage guy.,2024-12-07
NPS00053,ACCT0013,2,Gas well life good general bed me state stuff source.,2025-02-25
NPS00054,ACCT0174,6,Move least board in modern.,2025-01-11
NPS00055,ACCT0073,0,East name school voice truth church.,2025-04-29
NPS00056,ACCT0259,8,Never catch data president ball foreign finally although.,2024-12-06
NPS00057,ACCT0299,5,Face develop crime expert play century individual understand.,2025-01-17
NPS00058,ACCT0085,4,A protect fill write type remain hope anything customer investment.,2025-06-12
NPS00059,ACCT0016,0,Would picture at you treat education young.,2025-10-16
NPS00060,ACCT0206,9,Interest here her few avoid rule far carry.,2025-08-02
NPS00061,ACCT0188,7,Baby present food now past speech management mean.,2025-09-23
NPS00062,ACCT0123,8,Surface clearly see these quality night account detail sit.,2025-07-12
NPS00063,ACCT0040,5,Left traditional only before prove wind once stock plant positive plant.,2025-11-01
NPS00064,ACCT0211,10,Face clear various allow later time inside green thought.,2025-03-14
NPS00065,ACCT0144,2,Source war coach herself technology since such.,2025-09-26
NPS00066,ACCT0089,7,Page stage agreement society tree.,2025-05-12
NPS00067,ACCT0038,5,Authority crime realize production speech book difference food.,2024-12-23
NPS00068,ACCT0050,1,Form social some adult treat return follow beyond.,2025-04-11
NPS00069,ACCT0048,8,Successful use what wrong many measure nearly why.,2025-07-09
NPS00070,ACCT0266,2,Mouth late financial significant natural pressure water.,2025-09-15
NPS00071,ACCT0270,0,Knowledge stock head big discuss single really.,2025-01-28
NPS00072,ACCT0083,5,Age direction gun would share health heavy manager message cover.,2024-11-21
NPS00073,ACCT0284,3,Draw specific election anyone environmental someone spring.,2025-03-14
NPS00074,ACCT0024,6,Room exist start relationship maintain appear special for cell woman.,2025-03-23
NPS00075,ACCT0002,4,Successful my mention follow wind job organization each let address.,2025-07-13
NPS00076,ACCT0001,10,These explain dog necessary treat.,2025-05-07
NPS00077,ACCT0289,10,Deal check upon enough six lawyer whose kid beautiful.,2025-07-30
NPS00078,ACCT0017,5,Question safe structure film road.,2025-07-29
NPS00079,ACCT0211,4,It professional amount tree cut.,2025-07-24
NPS00080,ACCT0199,8,Traditional own turn including call.,2025-10-04
NPS00081,ACCT0226,7,Business process fear day someone material win.,2025-05-10
NPS00082,ACCT0159,6,Teach according admit measure occur television ten.,2025-04-28
NPS00083,ACCT0087,10,Do central chair machine those compare like.,2024-12-23
NPS00084,ACCT0044,1,The Mr where response.,2025-04-28
NPS00085,ACCT0110,8,Economy bad south opportunity every.,2025-10-28
NPS00086,ACCT0058,4,Apply parent wait role offer of more exactly.,2025-10-15
NPS00087,ACCT0240,6,Research environmental later less commercial production Congress image set risk.,2024-12-08
NPS00088,ACCT0255,10,Poor hand somebody suddenly cell physical movement.,2025-09-21
NPS00089,ACCT0240,4,Message never know have work pass.,2025-04-21
NPS00090,ACCT0151,1,Student nation lead make traditional write operation tree.,2024-12-16
NPS00091,ACCT0281,6,Phone ask the ok end case then general onto.,2025-03-19
NPS00092,ACCT0110,9,Realize recently spend force along red.,2025-08-20
NPS00093,ACCT0123,7,Magazine he night executive year whom something.,2025-07-19
NPS00094,ACCT0253,4,Property road director hand stop choice act would face forget.,2025-02-11
NPS00095,ACCT0001,7,Finally oil word send wear.,2025-01-24
NPS00096,ACCT0088,6,Close reduce occur world series item language computer each attack.,2025-08-20
NPS00097,ACCT0181,10,Positive night enough direction improve it amount.,2025-10-02
NPS00098,ACCT0129,0,Environment audience drug either structure.,2025-10-06
NPS00099,ACCT0037,2,Matter hit dream score nation.,2024-12-17
NPS00100,ACCT0223,7,Yeah study policy wide old bank change condition site.,2025-05-30
NPS00101,ACCT0177,7,Poor clear result senior subject investment plant same.,2025-01-10
NPS00102,ACCT0203,2,Instead need foreign nearly at total sort have out score.,2025-03-22
NPS00103,ACCT0180,9,Support sea give art for table like.,2024-12-21
NPS00104,ACCT0267,5,May lead conference interesting large compare bag small improve positive.,2025-05-04
NPS00105,ACCT0254,8,Yet whose still few carry few.,2025-07-30
NPS00106,ACCT0059,2,Concern national before Democrat face loss board author technology.,2025-10-06
NPS00107,ACCT0279,5,Option one game from can loss pay perhaps least.,2025-09-14
NPS00108,ACCT0287,3,Fear see course say strategy southern drop.,2025-06-12
NPS00109,ACCT0164,3,Worry large a dream also.,2025-03-17
NPS00110,ACCT0197,4,Tax night ok cultural involve population.,2025-02-07
NPS00111,ACCT0047,4,Clear day outside idea marriage form purpose knowledge risk sit.,2024-11-16
NPS00112,ACCT0188,1,Science tree among inside hour despite.,2025-09-11
NPS00113,ACCT0076,0,Hand attack during chance.,2025-10-22
NPS00114,ACCT0024,3,Indeed American month him and sure item can card floor.,2025-03-12
NPS00115,ACCT0180,10,Fund better simply each up then foot.,2025-04-08
NPS00116,ACCT0190,10,Time likely central customer how compare do feeling hair.,2025-08-21
NPS00117,ACCT0209,7,Stop two story blue meeting like early go decade close.,2025-05-28
NPS00118,ACCT0268,0,Across learn fly direction view see firm.,2025-05-09
NPS00119,ACCT0078,10,Box quite far sell blood employee benefit own seven floor.,2025-10-06
NPS00120,ACCT0106,6,Dinner beyond national ground small.,2025-02-10
NPS00121,ACCT0185,1,Later seek too space view without adult represent east.,2025-01-18
NPS00122,ACCT0025,10,A newspaper treat account community close say man once enough.,2025-01-03
NPS00123,ACCT0163,0,Guess will out pressure rule shoulder perhaps half.,2025-08-31
NPS00124,ACCT0199,4,Agency off security debate with instead open enough.,2025-03-23
NPS00125,ACCT0081,2,Open senior these become four cold six answer the.,2025-11-01
NPS00126,ACCT0070,1,Age choose might money word.,2025-08-02
NPS00127,ACCT0234,7,Build move because property describe that.,2025-08-21
NPS00128,ACCT0074,1,Model break from brother fast.,2025-09-16
NPS00129,ACCT0278,7,Simple example unit act prepare political by.,2025-02-13
NPS00130,ACCT0140,8,In majority chair media fly phone movement usually social there.,2025-01-29
NPS00131,ACCT0212,7,Discover positive keep cut subject quality.,2025-07-30
NPS00132,ACCT0294,1,Offer partner town base international campaign wait education.,2025-05-11
NPS00133,ACCT0274,3,Evening mention need play throughout turn career finish.,2025-02-11
NPS00134,ACCT0199,5,Join way house analysis better company.,2025-08-21
NPS00135,ACCT0108,8,Alone carry change always voice person nothing as.,2024-12-24
NPS00136,ACCT0212,2,Father stuff must lot hope old again.,2025-06-06
NPS00137,ACCT0118,5,Newspaper sign issue about fall show realize hear which.,2025-09-08
NPS00138,ACCT0122,9,Find against team over relate two.,2025-05-15
NPS00139,ACCT0250,6,Black always require beyond sing sometimes.,2024-11-29
NPS00140,ACCT0134,10,Perform list much data floor.,2025-10-21
NPS00141,ACCT0123,4,Public usually question president power father thus.,2025-07-16
NPS00142,ACCT0193,4,Force low bad season live their and themselves join sport program.,2025-06-04
NPS00143,ACCT0207,8,Instead newspaper drive product third do.,2025-07-23
NPS00144,ACCT0223,0,Foot bar during cause majority this hot free.,2025-04-04
NPS00145,ACCT0268,1,Successful song author ability speak ever describe fear.,2025-08-14
NPS00146,ACCT0085,3,Sign husband national beautiful structure possible other stop someone rather.,2025-01-24
NPS00147,ACCT0174,4,Hundred animal Mrs protect section heart safe.,2025-02-21
NPS00148,ACCT0120,2,Face government wait that security think write recent able family fire.,2025-04-29
NPS00149,ACCT0127,7,Choose both improve miss appear within.,2024-12-14
NPS00150,ACCT0064,1,Second writer feel prove money experience experience reach ball.,2025-02-08
NPS00151,ACCT0227,9,Cup day station the might popular develop away everything.,2025-06-29
NPS00152,ACCT0071,6,Also form nation them environmental view stage.,2025-07-02
NPS00153,ACCT0096,3,Consumer environmental read painting establish special mission.,2025-07-31
NPS00154,ACCT0209,8,Soldier if them ten last green.,2025-01-17
NPS00155,ACCT0147,7,Two success save late cost during yeah Congress we detail.,2025-06-01
NPS00156,ACCT0150,10,Old affect experience brother they think meet meet.,2025-04-05
NPS00157,ACCT0226,9,Attorney more building east six decision nothing.,2025-10-04
NPS00158,ACCT0244,3,Wish mean top with bank pass.,2025-05-28
NPS00159,ACCT0093,1,Pick tell less mind such up prevent attack car.,2025-01-31
NPS00160,ACCT0028,2,Scientist radio expect base size because season.,2025-10-10
NPS00161,ACCT0051,8,Sit among above yeah can bring.,2025-10-30
NPS00162,ACCT0241,7,Because government few play support point.,2024-12-11
NPS00163,ACCT0217,7,Someone available free bed project evening film suddenly measure recognize.,2025-02-23
NPS00164,ACCT0273,5,Important similar wait these today along road above wall which.,2025-07-11
NPS00165,ACCT0105,3,Activity live meeting crime foot.,2025-09-15
NPS00166,ACCT0005,5,Important Mr strong really science out.,2025-05-08
NPS00167,ACCT0182,10,Leader cause support former family see doctor east.,2025-10-29
NPS00168,ACCT0160,9,Employee able management quality stay kid game painting.,2025-07-04
NPS00169,ACCT0140,10,Attack walk subject work court.,2025-05-11
NPS00170,ACCT0044,10,Agent worker year plant us believe.,2025-11-12
NPS00171,ACCT0159,5,Able tell bar series ago specific free campaign director writer.,2025-01-08
NPS00172,ACCT0140,4,Memory blue democratic leg hot letter appear.,2025-01-24
NPS00173,ACCT0049,10,Goal along film program now garden dog.,2025-01-31
NPS00174,ACCT0131,9,Window indeed rock resource former guy poor.,2025-06-02
NPS00175,ACCT0091,3,Half you idea economic never scene.,2025-09-03
NPS00176,ACCT0268,7,Station meet thing page senior.,2025-01-23
NPS00177,ACCT0292,7,Summer study song parent a particularly research break.,2025-11-11
NPS00178,ACCT0283,10,Weight allow major financial base view six everybody.,2025-01-29
NPS00179,ACCT0182,9,Carry data station cut owner pressure go I.,2024-12-24
NPS00180,ACCT0101,7,Owner woman realize available pretty try article figure raise even.,2025-09-27
NPS00181,ACCT0103,1,Blood accept walk such agent gas knowledge radio.,2025-02-18
NPS00182,ACCT0120,4,Lose anyone yourself fly player opportunity production cell.,2025-02-04
NPS00183,ACCT0220,10,Party begin if shake factor defense ahead by yes job.,2024-12-10
NPS00184,ACCT0108,7,House expert relate send give still important total sort skin.,2025-08-01
NPS00185,ACCT0251,8,Measure however finish should raise enter friend career.,2025-07-12
NPS00186,ACCT0288,4,Camera enough person option such.,2025-07-07
NPS00187,ACCT0053,2,Result too arrive walk phone someone.,2025-03-03
NPS00188,ACCT0171,8,Put actually generation international stock.,2025-02-27
NPS00189,ACCT0201,0,Beautiful brother dream bar study seek author half claim artist.,2025-06-04
NPS00190,ACCT0068,9,His writer play significant personal nature challenge.,2025-10-03
NPS00191,ACCT0147,4,Also poor structure result administration page whatever.,2025-05-08
NPS00192,ACCT0128,5,Create simply sense radio tonight try.,2025-08-03
NPS00193,ACCT0152,2,Expert present total set nice two which.,2025-06-02
NPS00194,ACCT0227,2,Both thousand participant seat forget.,2025-01-13
NPS00195,ACCT0128,9,No person method dinner blood effect certainly keep religious.,2025-01-13
NPS00196,ACCT0128,10,Single capital day price can anything.,2025-03-24
NPS00197,ACCT0247,8,Film like sing great listen will.,2025-01-25
NPS00198,ACCT0062,10,Decade the use develop enjoy study home walk reach hear.,2025-08-13
NPS00199,ACCT0230,4,Front human write front teach example today child thus sound.,2024-12-14
NPS00200,ACCT0246,8,Whom table forget drive teacher money understand.,2025-09-09
NPS00201,ACCT0117,8,Feel majority trial look early continue college mother Mr.,2025-06-05
NPS00202,ACCT0006,5,Successful than reduce bag important include event its ask.,2025-03-19
NPS00203,ACCT0054,6,Yet exist measure radio mean it sea door.,2025-09-17
NPS00204,ACCT0191,4,Eat deep all first market home simply rather include wait tend.,2025-01-06
NPS00205,ACCT0236,4,Music offer possible fear might first grow.,2025-06-08
NPS00206,ACCT0033,0,Visit building short growth capital.,2024-12-30
NPS00207,ACCT0178,6,Single current travel want safe manager.,2025-11-03
NPS00208,ACCT0216,5,All after billion conference girl affect mouth eight.,2025-07-02
NPS00209,ACCT0176,10,Miss sense soon thought.,2025-06-16
NPS00210,ACCT0186,6,Station trouble town see hope then.,2025-01-22
NPS00211,ACCT0146,0,Conference risk suddenly once try quickly.,2025-10-02
NPS00212,ACCT0182,5,Financial dog guy subject those.,2025-01-06
NPS00213,ACCT0036,0,Whatever deal yes control case poor.,2025-01-28
NPS00214,ACCT0032,5,Official often protect once other lot build control.,2025-07-05
NPS00215,ACCT0091,6,And customer subject good amount company sell apply apply.,2025-05-25
NPS00216,ACCT0106,9,Senior race likely free section effect.,2025-05-05
NPS00217,ACCT0005,0,Money step degree important couple stay.,2025-08-26
NPS00218,ACCT0098,7,Me state sister life unit.,2025-03-20
NPS00219,ACCT0212,6,Mr both art soon keep food.,2025-02-13
NPS00220,ACCT0021,2,Him research act strategy whole stay between former.,2025-06-04
NPS00221,ACCT0003,4,Course administration relate religious all really hold daughter what type.,2025-07-19
NPS00222,ACCT0286,10,Adult production amount space beyond.,2024-12-07
NPS00223,ACCT0083,0,Data us head develop less control.,2024-12-14
NPS00224,ACCT0253,3,Night focus by father material.,2025-09-09
NPS00225,ACCT0085,4,Seat wear ok movement lay south.,2025-07-31
NPS00226,ACCT0236,2,Employee financial little my true morning not remember should.,2025-11-13
NPS00227,ACCT0085,4,Least natural central stand practice government impact.,2024-11-23
NPS00228,ACCT0046,6,Money may maintain just check artist question consumer.,2025-04-27
NPS00229,ACCT0085,6,Reduce course including according during into ahead sense.,2025-04-09
NPS00230,ACCT0107,7,Always wonder individual drug opportunity several soldier up sport report.,2025-02-24
NPS00231,ACCT0213,8,Science fill a nearly eight character interest lawyer.,2025-05-09
NPS00232,ACCT0277,6,Small young accept audience.,2025-05-27
NPS00233,ACCT0137,6,Brother him party check really son say to major.,2025-11-10
NPS00234,ACCT0054,9,Land suddenly benefit ten between environmental boy leg.,2024-12-02
NPS00235,ACCT0023,1,Campaign himself ahead arrive environmental American.,2025-09-01
NPS00236,ACCT0205,10,Tend want particular point course.,2024-12-23
NPS00237,ACCT0129,3,Two run fund wear drug education single.,2025-06-23
NPS00238,ACCT0232,8,Light either society lose customer wrong thing owner.,2025-03-18
NPS00239,ACCT0146,7,Such character watch off less.,2025-05-01
NPS00240,ACCT0214,0,Responsibility chance middle business economic current will board.,2025-02-25
NPS00241,ACCT0020,9,Do onto foot throw often moment chance.,2025-02-01
NPS00242,ACCT0014,7,Teach point finally high though social majority seem.,2025-05-04
NPS00243,ACCT0257,10,Character history modern impact consider question.,2025-09-29
NPS00244,ACCT0058,2,House director guess actually whom.,2025-06-03
NPS00245,ACCT0235,10,Result save work data.,2025-09-14
NPS00246,ACCT0054,5,Nature left safe usually space system rule career left in.,2025-05-01
NPS00247,ACCT0290,10,Defense scientist parent short avoid gun section effort first kind.,2025-03-12
NPS00248,ACCT0052,3,Action similar morning discover very.,2025-04-15
NPS00249,ACCT0282,9,Stand sit how say.,2025-09-23
NPS00250,ACCT0070,9,Detail only just smile whether.,2025-07-04
NPS00251,ACCT0223,7,Understand sister vote certain high.,2025-08-12
NPS00252,ACCT0147,9,Range hotel get share field pressure behavior wait.,2024-12-31
NPS00253,ACCT0053,7,Bill anything success scientist form result.,2025-03-28
NPS00254,ACCT0123,4,Could shake west cultural learn east hope country law.,2025-09-24
NPS00255,ACCT0214,7,Seek determine try sing behavior pay understand.,2025-07-04
NPS00256,ACCT0022,10,Accept about later miss door receive able condition summer.,2025-04-04
NPS00257,ACCT0185,4,Civil information Congress ready everything development sing employee final join team.,2025-09-15
NPS00258,ACCT0083,3,Field know yeah reality deal.,2025-07-19
NPS00259,ACCT0236,2,Sure else gun like second sure.,2025-07-17
NPS00260,ACCT0155,4,Agreement make conference worker half those.,2025-03-01
NPS00261,ACCT0235,1,Action peace single maintain after.,2025-06-10
NPS00262,ACCT0019,9,Term likely many stay vote worry show law.,2025-03-14
NPS00263,ACCT0268,5,Modern hear cup great either body activity if sister.,2025-03-08
NPS00264,ACCT0070,5,Exactly claim television team style sit main professional believe develop.,2025-01-25
NPS00265,ACCT0215,2,Affect fine difficult section event talk.,2024-12-01
NPS00266,ACCT0240,10,State hospital system spend man quite each fast avoid discuss.,2025-08-01
NPS00267,ACCT0168,1,Answer take toward benefit wrong which.,2025-03-27
NPS00268,ACCT0184,4,Team act story effort figure vote authority financial its unit.,2025-04-22
NPS00269,ACCT0158,0,Through voice level trip easy close free wide trip.,2025-04-18
NPS00270,ACCT0300,2,New not view remember tend girl happen star eight.,2025-02-17
NPS00271,ACCT0035,8,Remember pay material fund during.,2025-09-27
NPS00272,ACCT0060,10,Else great fill recent third right.,2025-10-25
NPS00273,ACCT0114,2,While Democrat admit but whom area marriage news focus.,2024-11-18
NPS00274,ACCT0171,4,Thank green police clear enjoy race Mrs address type.,2025-01-25
NPS00275,ACCT0082,3,Civil add pass conference back.,2024-11-22
NPS00276,ACCT0213,6,Form my quite pressure wide information learn reflect.,2025-01-18
NPS00277,ACCT0050,8,Will maintain year water break nearly table however which.,2025-05-06
NPS00278,ACCT0265,7,Pressure feeling appear class form policy strong news able.,2025-03-03
NPS00279,ACCT0193,6,Travel newspaper though goal everybody.,2025-07-02
NPS00280,ACCT0023,7,Region hour network well PM follow visit.,2025-02-05
NPS00281,ACCT0290,9,Family store help today.,2024-11-29
NPS00282,ACCT0025,7,Only at share see term seem especially voice daughter space.,2025-10-14
NPS00283,ACCT0181,3,Wind occur collection suddenly ready.,2025-01-30
NPS00284,ACCT0144,7,Law challenge worry parent ago hear big leader buy.,2025-06-07
NPS00285,ACCT0276,10,New spring tell consumer seem why rule career.,2025-05-29
NPS00286,ACCT0206,10,Evidence never interesting truth me stage.,2025-08-11
NPS00287,ACCT0225,9,Check include side can religious general story describe ever threat.,2025-09-03
NPS00288,ACCT0112,4,Alone alone dream travel answer deal into.,2024-12-19
NPS00289,ACCT0238,8,Kitchen state summer hear industry accept seat student crime.,2024-12-13
NPS00290,ACCT0221,5,Find agency maintain person five outside.,2024-12-20
NPS00291,ACCT0283,3,Prevent develop imagine above seven other respond rule learn.,2025-05-07
NPS00292,ACCT0123,2,Off read example dog different pay politics.,2025-05-30
NPS00293,ACCT0128,8,These process claim it clear that air consider.,2025-06-13
NPS00294,ACCT0093,10,Young bed lay worry entire hotel similar away month coach.,2025-02-14
NPS00295,ACCT0057,4,Television like turn agreement family ball reach purpose.,2025-06-30
NPS00296,ACCT0140,2,Difference anyone woman million store foot.,2025-10-30
NPS00297,ACCT0211,2,Watch environment huge administration provide floor range government return.,2024-11-19
NPS00298,ACCT0257,0,Whether long arrive fine contain onto money coach trade.,2025-07-20
NPS00299,ACCT0285,6,Book seem once as peace two.,2025-03-08
NPS00300,ACCT0264,3,Meet receive fight push majority analysis seem cultural better.,2025-02-21
NPS00301,ACCT0172,10,Minute wish respond standard little meeting central write.,2025-01-26
NPS00302,ACCT0272,2,Everybody movie until focus fine memory human.,2024-12-09
NPS00303,ACCT0030,2,Course too than resource we success expect.,2025-09-04
NPS00304,ACCT0205,8,Southern resource two treat last range sport herself short.,2025-09-08
NPS00305,ACCT0152,7,Laugh police whom second prepare require according.,2025-04-23
NPS00306,ACCT0198,5,All expect fly rest together information month clear.,2025-01-27
NPS00307,ACCT0193,10,Central pick anything company finally partner order book to boy.,2025-02-15
NPS00308,ACCT0047,0,Them late exactly bag former.,2025-01-07
NPS00309,ACCT0191,10,Door describe across realize pass form marriage.,2025-07-26
NPS00310,ACCT0226,10,Late their value drop vote write.,2025-03-20
NPS00311,ACCT0125,9,Major major prove strategy month court across situation.,2025-07-10
NPS00312,ACCT0101,9,Financial make most international southern.,2025-06-11
NPS00313,ACCT0049,3,Sound back play painting cover game lose floor seem low.,2025-04-25
NPS00314,ACCT0015,1,Require toward through there oil level.,2025-06-14
NPS00315,ACCT0165,6,Job sport method difference a reason meet peace third real.,2024-11-19
NPS00316,ACCT0074,1,Discover detail serve instead audience pressure.,2025-04-12
NPS00317,ACCT0061,9,Notice shake admit teacher one area tough some.,2025-06-28
NPS00318,ACCT0213,0,Hotel impact space sign.,2025-08-20
NPS00319,ACCT0245,4,Other ok shake later phone thing sign civil material level.,2025-10-25
NPS00320,ACCT0239,10,Prevent film room democratic seem degree.,2025-05-16
NPS00321,ACCT0286,3,Establish and per moment manager one difference sit sea.,2025-05-30
NPS00322,ACCT0094,6,Painting million everything rest kitchen whole in.,2025-03-13
NPS00323,ACCT0172,5,Hit theory everyone option let military out good.,2025-07-28
NPS00324,ACCT0258,8,Degree respond operation conference he range add over affect.,2025-06-27
NPS00325,ACCT0018,10,Fly analysis remember leader machine born feel.,2025-10-08
NPS00326,ACCT0274,4,Bit determine show sign space enter second.,2025-03-23
NPS00327,ACCT0130,3,Significant audience against plan ago minute form.,2025-04-25
NPS00328,ACCT0001,10,Local available society natural focus clear fear for safe particularly.,2025-10-21
NPS00329,ACCT0283,9,Very sign guy I official.,2025-05-11
NPS00330,ACCT0230,0,Job treatment side lose appear series science test arrive other.,2024-12-19
NPS00331,ACCT0112,9,Prepare another conference thing sign expert next.,2025-04-15
NPS00332,ACCT0135,0,Today agent travel hard.,2025-08-30
NPS00333,ACCT0282,10,Page return boy still someone thank none police.,2025-01-09
NPS00334,ACCT0185,8,History decide onto management smile another scene notice forget.,2025-07-20
NPS00335,ACCT0229,10,Trial too skill institution small.,2025-06-27
NPS00336,ACCT0017,9,Possible eight body peace to practice shoulder.,2025-10-30
NPS00337,ACCT0138,4,Involve computer seven quality high science develop free.,2025-06-17
NPS00338,ACCT0128,5,Not vote church top fly fact.,2024-12-20
NPS00339,ACCT0035,2,Almost visit require job strong.,2025-11-14
NPS00340,ACCT0203,2,Somebody guy high upon.,2024-12-25
NPS00341,ACCT0175,0,Address sea artist most job until natural call.,2024-12-01
NPS00342,ACCT0188,10,Now key eat past others during life turn true.,2025-03-08
NPS00343,ACCT0120,3,Choose close present big return edge government too Congress blue.,2025-11-12
NPS00344,ACCT0290,2,Time prove control mind organization sister clear have treatment name.,2025-08-29
NPS00345,ACCT0013,1,Detail family understand check culture factor local grow.,2025-10-28
NPS00346,ACCT0134,4,Thus senior end speech sound southern over age pattern man.,2025-06-10
NPS00347,ACCT0095,7,Between production job relationship feel quickly language big entire personal.,2025-03-31
NPS00348,ACCT0086,1,Drug create watch effect industry fall training eye.,2025-06-21
NPS00349,ACCT0115,0,Management yeah pass court live effort personal.,2025-09-18
NPS00350,ACCT0203,10,Education material success town push.,2025-08-03
NPS00351,ACCT0158,2,Coach exist out special collection I official.,2025-07-21
NPS00352,ACCT0291,10,Believe beautiful PM speech firm human production thank.,2025-08-06
NPS00353,ACCT0151,6,Similar anyone couple audience operation wide be suddenly lot edge.,2024-11-28
NPS00354,ACCT0234,10,Question sea mind news fine party.,2025-07-27
NPS00355,ACCT0117,10,Try or behind them item like major.,2025-10-14
NPS00356,ACCT0152,3,Final serious move son standard government employee.,2025-06-24
NPS00357,ACCT0020,3,Later offer subject however half major product close.,2025-07-29
NPS00358,ACCT0019,4,Hair great machine lose maintain stop difference member.,2025-07-12
NPS00359,ACCT0225,5,Cut continue describe trade generation son history main possible hold.,2025-10-04
NPS00360,ACCT0027,8,Role involve shoulder those performance.,2025-10-12
NPS00361,ACCT0180,2,Quickly soldier forward poor start little.,2025-03-27
NPS00362,ACCT0183,7,President international hundred early suddenly cultural six feeling listen life.,2025-09-26
NPS00363,ACCT0055,2,Piece arm majority artist spring Republican.,2025-03-10
NPS00364,ACCT0137,8,Other concern memory scene during throw personal.,2025-04-22
NPS00365,ACCT0001,10,Rather camera scene away today people task store late assume.,2025-11-07
NPS00366,ACCT0261,9,Land bring community analysis game send my traditional difficult.,2025-09-25
NPS00367,ACCT0132,5,Few establish put cup all lawyer discover job hotel news.,2025-03-24
NPS00368,ACCT0050,8,Top stock PM school question much easy theory walk bring.,2024-12-13
NPS00369,ACCT0181,9,Future relationship hold trial herself reason.,2024-11-25
NPS00370,ACCT0128,6,From help away voice cell environmental.,2025-10-14
NPS00371,ACCT0042,0,Goal section little none majority TV book.,2025-02-21
NPS00372,ACCT0264,10,Market institution difficult people oil would modern skill century apply.,2025-03-21
NPS00373,ACCT0175,1,Page nice debate activity among consider reality plan blood mouth quickly.,2025-02-22
NPS00374,ACCT0175,6,Set civil player soon since theory thus even necessary role.,2025-04-12
NPS00375,ACCT0002,5,Detail give form direction describe ground here over night.,2024-11-28
NPS00376,ACCT0161,10,Them interesting myself key mention rise.,2025-06-05
NPS00377,ACCT0259,0,Rather stuff movie fine dog cup town site tough majority.,2025-05-09
NPS00378,ACCT0160,10,Least attorney mean college result something card.,2025-07-13
NPS00379,ACCT0227,1,Down practice produce remain base type exist determine a class.,2025-04-30
NPS00380,ACCT0118,9,Increase create thought from Democrat seven near.,2024-12-07
NPS00381,ACCT0130,3,They head model girl future rule.,2025-02-16
NPS00382,ACCT0084,3,Beautiful down environmental research often.,2024-11-16
NPS00383,ACCT0144,2,Nor suffer figure term medical most decade through task outside.,2025-04-12
NPS00384,ACCT0284,0,Crime west consider white its walk already sure.,2025-07-14
NPS00385,ACCT0259,0,Grow weight outside hold store above score.,2025-05-26
NPS00386,ACCT0154,8,Exactly may director style sing at.,2025-09-05
NPS00387,ACCT0169,5,What quickly provide safe medical study where environmental story feel.,2025-08-21
NPS00388,ACCT0173,0,Describe likely simply nearly shake budget like.,2025-05-14
NPS00389,ACCT0166,3,Only tonight attention the.,2025-05-12
NPS00390,ACCT0191,2,Him others reality indicate fact.,2025-06-18
NPS00391,ACCT0035,6,Summer painting general price side stop player stand.,2025-05-24
NPS00392,ACCT0170,6,Do east the despite school somebody somebody black against thus.,2024-12-22
NPS00393,ACCT0134,0,Think doctor probably expect.,2025-04-21
NPS00394,ACCT0202,8,Hand eat whole across born expect political hour.,2025-06-03
NPS00395,ACCT0291,0,Quality crime court region reveal.,2025-06-22
NPS00396,ACCT0060,10,Land professional collection sister seek usually brother rock.,2025-05-26
NPS00397,ACCT0210,8,What inside indicate effect challenge decide enjoy information life maintain.,2025-04-19
NPS00398,ACCT0272,7,Recently life product less need fire less them material.,2025-06-07
NPS00399,ACCT0160,7,Sense clearly about chair woman find certainly.,2025-08-27
